<?xml version = '1.0' encoding = 'UTF-8'?>
<Entity class="oracle.dbtools.crest.model.design.logical.Entity" directorySegmentName="seg_0" id="2ACE924C-D9E5-9155-DE2B-D04ABF74029A" name="CUIDADOR">
<createdBy>scardenas</createdBy>
<createdTime>2025-09-01 19:33:10 UTC</createdTime>
<ownerDesignName>EXP1_S3_Sebastian_Cardenas</ownerDesignName>
<engineerTo>
<item key="B0BDCB9F-FCF1-D3D4-B771-FD4B200B5613" value="true"/>
</engineerTo>
<adequatelyNormalized>NO</adequatelyNormalized>
<expectedVolumes>0</expectedVolumes>
<fwdEngineeringStrategyName>Single Table</fwdEngineeringStrategyName>
<growthPercent>0</growthPercent>
<growthType>Year</growthType>
<hierarchicalParent>73B6A761-B855-6966-B44A-85A31BDCE376</hierarchicalParent>
<maxVolumes>9999999</maxVolumes>
<minVolumes>0</minVolumes>
<normalForm>Third</normalForm>
<attributes itemClass="oracle.dbtools.crest.model.design.logical.Attribute">
<Attribute name="id_personal" id="91399B99-1212-02C1-D2AA-1548495BFBB3">
<createdBy>scardenas</createdBy>
<createdTime>2025-09-01 19:33:26 UTC</createdTime>
<ownerDesignName>EXP1_S3_Sebastian_Cardenas</ownerDesignName>
<engineerTo>
<item key="B0BDCB9F-FCF1-D3D4-B771-FD4B200B5613" value="true"/>
</engineerTo>
<use>0</use>
<ownDataTypeParameters>,,</ownDataTypeParameters>
</Attribute>
</attributes>
<identifiers itemClass="oracle.dbtools.crest.model.design.logical.CandidateKey">
<identifier id="C1861886-B433-E372-72F1-9AF719EEBC12" name="CUIDADOR PK">
<createdBy>scardenas</createdBy>
<createdTime>2025-09-01 19:33:53 UTC</createdTime>
<ownerDesignName>EXP1_S3_Sebastian_Cardenas</ownerDesignName>
<engineerTo>
<item key="B0BDCB9F-FCF1-D3D4-B771-FD4B200B5613" value="true"/>
</engineerTo>
<pk>true</pk>
<usedAttributes>
<attributeRef>91399B99-1212-02C1-D2AA-1548495BFBB3</attributeRef>
</usedAttributes>
</identifier>
</identifiers>
</Entity>