<?xml version = '1.0' encoding = 'UTF-8'?>
<Entity class="oracle.dbtools.crest.model.design.logical.Entity" directorySegmentName="seg_0" id="612A4F0D-6EDD-C885-EA79-0AF7B38117EA" name="RESIDENTE_TEMPORAL">
<createdBy>scardenas</createdBy>
<createdTime>2025-09-01 16:11:41 UTC</createdTime>
<ownerDesignName>EXP1_S3_Sebastian_Cardenas</ownerDesignName>
<engineerTo>
<item key="B0BDCB9F-FCF1-D3D4-B771-FD4B200B5613" value="true"/>
</engineerTo>
<adequatelyNormalized>NO</adequatelyNormalized>
<expectedVolumes>0</expectedVolumes>
<fwdEngineeringStrategyName>Single Table</fwdEngineeringStrategyName>
<growthPercent>0</growthPercent>
<growthType>Year</growthType>
<hierarchicalParent>7CE4D660-AEF3-5912-0221-4C9F851B6AF7</hierarchicalParent>
<maxVolumes>9999999</maxVolumes>
<minVolumes>0</minVolumes>
<normalForm>Third</normalForm>
<attributes itemClass="oracle.dbtools.crest.model.design.logical.Attribute">
<Attribute name="id_residente" id="62567441-CF99-80A9-3320-05ADA73432B0">
<createdBy>scardenas</createdBy>
<createdTime>2025-09-01 16:13:38 UTC</createdTime>
<ownerDesignName>EXP1_S3_Sebastian_Cardenas</ownerDesignName>
<engineerTo>
<item key="B0BDCB9F-FCF1-D3D4-B771-FD4B200B5613" value="true"/>
</engineerTo>
<use>0</use>
<ownDataTypeParameters>,,</ownDataTypeParameters>
</Attribute>
<Attribute name="dias_duracion" id="68C619F9-9F83-8DB4-76EA-7ACC3BE3F745">
<createdBy>scardenas</createdBy>
<createdTime>2025-09-01 16:13:51 UTC</createdTime>
<ownerDesignName>EXP1_S3_Sebastian_Cardenas</ownerDesignName>
<engineerTo>
<item key="B0BDCB9F-FCF1-D3D4-B771-FD4B200B5613" value="true"/>
</engineerTo>
<useDomainConstraints>false</useDomainConstraints>
<use>1</use>
<logicalDatatype>LOGDT019</logicalDatatype>
<dataTypePrecision>4</dataTypePrecision>
<ownDataTypeParameters>,4,</ownDataTypeParameters>
</Attribute>
</attributes>
<identifiers itemClass="oracle.dbtools.crest.model.design.logical.CandidateKey">
<identifier id="7768F527-E944-0B88-0082-51B835EB3B08" name="RESIDENTE_TEMPORAL PK">
<createdBy>scardenas</createdBy>
<createdTime>2025-09-01 16:13:48 UTC</createdTime>
<ownerDesignName>EXP1_S3_Sebastian_Cardenas</ownerDesignName>
<engineerTo>
<item key="B0BDCB9F-FCF1-D3D4-B771-FD4B200B5613" value="true"/>
</engineerTo>
<pk>true</pk>
<usedAttributes>
<attributeRef>62567441-CF99-80A9-3320-05ADA73432B0</attributeRef>
</usedAttributes>
</identifier>
</identifiers>
</Entity>