<?xml version = '1.0' encoding = 'UTF-8'?>
<Entity class="oracle.dbtools.crest.model.design.logical.Entity" directorySegmentName="seg_0" id="869F7B87-FD29-3485-FBB4-7540F0D42C79" name="MEDICO">
<createdBy>scardenas</createdBy>
<createdTime>2025-09-01 19:34:01 UTC</createdTime>
<ownerDesignName>EXP1_S3_Sebastian_Cardenas</ownerDesignName>
<engineerTo>
<item key="B0BDCB9F-FCF1-D3D4-B771-FD4B200B5613" value="true"/>
</engineerTo>
<adequatelyNormalized>NO</adequatelyNormalized>
<expectedVolumes>0</expectedVolumes>
<fwdEngineeringStrategyName>Single Table</fwdEngineeringStrategyName>
<growthPercent>0</growthPercent>
<growthType>Year</growthType>
<hierarchicalParent>73B6A761-B855-6966-B44A-85A31BDCE376</hierarchicalParent>
<maxVolumes>9999999</maxVolumes>
<minVolumes>0</minVolumes>
<normalForm>Third</normalForm>
<attributes itemClass="oracle.dbtools.crest.model.design.logical.Attribute">
<Attribute name="id_personal" id="C86F0006-1392-39FD-E7E5-F392A7D41ECC">
<createdBy>scardenas</createdBy>
<createdTime>2025-09-01 19:34:11 UTC</createdTime>
<ownerDesignName>EXP1_S3_Sebastian_Cardenas</ownerDesignName>
<engineerTo>
<item key="B0BDCB9F-FCF1-D3D4-B771-FD4B200B5613" value="true"/>
</engineerTo>
<use>0</use>
<ownDataTypeParameters>,,</ownDataTypeParameters>
</Attribute>
<Attribute name="especialidad" id="C28EB0EE-15A8-1E71-5C9B-D4083A129BD4">
<createdBy>scardenas</createdBy>
<createdTime>2025-09-01 19:34:22 UTC</createdTime>
<ownerDesignName>EXP1_S3_Sebastian_Cardenas</ownerDesignName>
<engineerTo>
<item key="B0BDCB9F-FCF1-D3D4-B771-FD4B200B5613" value="true"/>
</engineerTo>
<useDomainConstraints>false</useDomainConstraints>
<use>1</use>
<logicalDatatype>LOGDT024</logicalDatatype>
<dataTypeSize>60</dataTypeSize>
<ownDataTypeParameters>60,,</ownDataTypeParameters>
</Attribute>
</attributes>
<identifiers itemClass="oracle.dbtools.crest.model.design.logical.CandidateKey">
<identifier id="CB6A0F91-DE62-5EAF-D29B-1563A76E6A0A" name="MEDICO PK">
<createdBy>scardenas</createdBy>
<createdTime>2025-09-01 19:34:20 UTC</createdTime>
<ownerDesignName>EXP1_S3_Sebastian_Cardenas</ownerDesignName>
<engineerTo>
<item key="B0BDCB9F-FCF1-D3D4-B771-FD4B200B5613" value="true"/>
</engineerTo>
<pk>true</pk>
<usedAttributes>
<attributeRef>C86F0006-1392-39FD-E7E5-F392A7D41ECC</attributeRef>
</usedAttributes>
</identifier>
</identifiers>
</Entity>