<?xml version = '1.0' encoding = 'UTF-8'?>
<Entity class="oracle.dbtools.crest.model.design.logical.Entity" directorySegmentName="seg_0" id="D4CE9B32-8C17-16E5-F84A-CFE08450C28E" name="RESIDENCIA">
<createdBy>scardenas</createdBy>
<createdTime>2025-09-01 14:24:07 UTC</createdTime>
<ownerDesignName>EXP1_S3_Sebastian_Cardenas</ownerDesignName>
<engineerTo>
<item key="B0BDCB9F-FCF1-D3D4-B771-FD4B200B5613" value="true"/>
</engineerTo>
<adequatelyNormalized>NO</adequatelyNormalized>
<expectedVolumes>0</expectedVolumes>
<fwdEngineeringStrategyName>Single Table</fwdEngineeringStrategyName>
<growthPercent>0</growthPercent>
<growthType>Year</growthType>
<maxVolumes>9999999</maxVolumes>
<minVolumes>0</minVolumes>
<normalForm>Third</normalForm>
<attributes itemClass="oracle.dbtools.crest.model.design.logical.Attribute">
<Attribute name="id_residencia" id="230549BB-6689-9702-9D80-95DA91FFD5C8">
<createdBy>scardenas</createdBy>
<createdTime>2025-09-01 14:40:53 UTC</createdTime>
<ownerDesignName>EXP1_S3_Sebastian_Cardenas</ownerDesignName>
<engineerTo>
<item key="B0BDCB9F-FCF1-D3D4-B771-FD4B200B5613" value="true"/>
</engineerTo>
<useDomainConstraints>false</useDomainConstraints>
<use>1</use>
<logicalDatatype>LOGDT019</logicalDatatype>
<ownDataTypeParameters>,,</ownDataTypeParameters>
</Attribute>
<Attribute name="nombre" id="13DDB54E-FCED-6356-D393-491B68787A7F">
<createdBy>scardenas</createdBy>
<createdTime>2025-09-01 14:25:50 UTC</createdTime>
<ownerDesignName>EXP1_S3_Sebastian_Cardenas</ownerDesignName>
<engineerTo>
<item key="B0BDCB9F-FCF1-D3D4-B771-FD4B200B5613" value="true"/>
</engineerTo>
<useDomainConstraints>false</useDomainConstraints>
<use>1</use>
<logicalDatatype>LOGDT024</logicalDatatype>
<dataTypeSize>80</dataTypeSize>
<ownDataTypeParameters>80,,</ownDataTypeParameters>
</Attribute>
<Attribute name="comuna" id="DC053181-C3D8-8F78-41B1-9633F5164152">
<createdBy>scardenas</createdBy>
<createdTime>2025-09-01 14:26:18 UTC</createdTime>
<ownerDesignName>EXP1_S3_Sebastian_Cardenas</ownerDesignName>
<engineerTo>
<item key="B0BDCB9F-FCF1-D3D4-B771-FD4B200B5613" value="true"/>
</engineerTo>
<useDomainConstraints>false</useDomainConstraints>
<use>1</use>
<logicalDatatype>LOGDT024</logicalDatatype>
<dataTypeSize>60</dataTypeSize>
<ownDataTypeParameters>60,,</ownDataTypeParameters>
</Attribute>
<Attribute name="direccion" id="0983B3BF-65AC-8C01-910F-9CDA78E2B4F5">
<createdBy>scardenas</createdBy>
<createdTime>2025-09-01 14:42:26 UTC</createdTime>
<ownerDesignName>EXP1_S3_Sebastian_Cardenas</ownerDesignName>
<engineerTo>
<item key="B0BDCB9F-FCF1-D3D4-B771-FD4B200B5613" value="true"/>
</engineerTo>
<useDomainConstraints>false</useDomainConstraints>
<use>1</use>
<logicalDatatype>LOGDT024</logicalDatatype>
<dataTypeSize>120</dataTypeSize>
<ownDataTypeParameters>120,,</ownDataTypeParameters>
</Attribute>
</attributes>
<identifiers itemClass="oracle.dbtools.crest.model.design.logical.CandidateKey">
<identifier id="E19552D6-335F-F8D5-1711-02835CF2F789" name="RESIDENCIA PK">
<createdBy>scardenas</createdBy>
<createdTime>2025-09-01 14:41:36 UTC</createdTime>
<ownerDesignName>EXP1_S3_Sebastian_Cardenas</ownerDesignName>
<engineerTo>
<item key="B0BDCB9F-FCF1-D3D4-B771-FD4B200B5613" value="true"/>
</engineerTo>
<pk>true</pk>
<usedAttributes>
<attributeRef>230549BB-6689-9702-9D80-95DA91FFD5C8</attributeRef>
</usedAttributes>
</identifier>
</identifiers>
</Entity>