<?xml version = '1.0' encoding = 'UTF-8'?>
<Relation class="oracle.dbtools.crest.model.design.logical.Relation" name="ESPECIALIDAD_MEDICO" directorySegmentName="seg_0" id="130AF492-A002-ED6C-7B27-43ED4CD217B3">
<createdBy>NVITSVBESSS</createdBy>
<createdTime>2025-09-15 22:06:38 UTC</createdTime>
<ownerDesignName>Exp2_S5_Sebastian_Cardenas</ownerDesignName>
<engineerTo>
<item key="4A2A5302-EB44-C1E7-8EC5-9BE6CF2C3CB8" value="true"/>
</engineerTo>
<sourcePk>444F5AB9-2608-B36B-9416-412E7D39E09A</sourcePk>
<identifying>false</identifying>
<optionalSource>false</optionalSource>
<optionalTarget>true</optionalTarget>
<sourceCardinality>*</sourceCardinality>
<sourceEntity>75FA9048-72B3-2C8F-15EE-20E728F3984D</sourceEntity>
<targetCardinalityString>*</targetCardinalityString>
<targetEntity>D4E54448-1AF0-42C7-D39A-51EE1D62D50F</targetEntity>
<transferable>true</transferable>
<deleteRule>NO ACTION</deleteRule>
</Relation>