<?xml version = '1.0' encoding = 'UTF-8'?>
<Relation class="oracle.dbtools.crest.model.design.logical.Relation" name="COMUNA_PACIENTE" directorySegmentName="seg_0" id="17D98F6B-6B86-7F33-C803-06CEF9CEF52F">
<createdBy>NVITSVBESSS</createdBy>
<createdTime>2025-09-15 23:52:31 UTC</createdTime>
<ownerDesignName>Exp2_S5_Sebastian_Cardenas</ownerDesignName>
<engineerTo>
<item key="4A2A5302-EB44-C1E7-8EC5-9BE6CF2C3CB8" value="true"/>
</engineerTo>
<sourcePk>12B68BB3-5B6F-17F5-6648-016113E24F71</sourcePk>
<identifying>false</identifying>
<optionalSource>true</optionalSource>
<optionalTarget>false</optionalTarget>
<sourceCardinality>1</sourceCardinality>
<sourceEntity>18F38E15-FFF1-E176-DD72-71A3D5AEB498</sourceEntity>
<targetCardinalityString>*</targetCardinalityString>
<targetEntity>31994DFD-7B6E-D69B-1590-D7F7F6C34E57</targetEntity>
<transferable>true</transferable>
<deleteRule>NO ACTION</deleteRule>
</Relation>