<?xml version = '1.0' encoding = 'UTF-8'?>
<Relation class="oracle.dbtools.crest.model.design.logical.Relation" name="EMPLEADO_ATENCIONMEDICA" directorySegmentName="seg_0" id="2EB340BE-33AE-2AE7-01B8-2178B0189813">
<createdBy>NVITSVBESSS</createdBy>
<createdTime>2025-09-16 00:26:43 UTC</createdTime>
<ownerDesignName>Exp2_S5_Sebastian_Cardenas</ownerDesignName>
<engineerTo>
<item key="4A2A5302-EB44-C1E7-8EC5-9BE6CF2C3CB8" value="true"/>
</engineerTo>
<sourcePk>E6A7DD9A-0F72-935A-9D3B-1BF791CA5BBC</sourcePk>
<identifying>false</identifying>
<optionalSource>true</optionalSource>
<optionalTarget>false</optionalTarget>
<sourceCardinality>1</sourceCardinality>
<sourceEntity>79A897A4-B47A-5479-1493-925D1A4867D3</sourceEntity>
<targetCardinalityString>*</targetCardinalityString>
<targetEntity>988FD98E-714B-276E-3016-60C9985EA2F3</targetEntity>
<transferable>true</transferable>
<deleteRule>NO ACTION</deleteRule>
</Relation>