<?xml version = '1.0' encoding = 'UTF-8'?>
<Relation class="oracle.dbtools.crest.model.design.logical.Relation" name="PACIENTE_ATENCIONMEDICA" directorySegmentName="seg_0" id="385A1B9B-146D-0A19-54D9-8B70E7875AA9">
<createdBy>NVITSVBESSS</createdBy>
<createdTime>2025-09-15 22:05:40 UTC</createdTime>
<ownerDesignName>Exp2_S5_Sebastian_Cardenas</ownerDesignName>
<engineerTo>
<item key="4A2A5302-EB44-C1E7-8EC5-9BE6CF2C3CB8" value="true"/>
</engineerTo>
<sourcePk>27BE83BF-861B-8415-677E-30229856E1BC</sourcePk>
<identifying>false</identifying>
<optionalSource>true</optionalSource>
<optionalTarget>false</optionalTarget>
<sourceCardinality>1</sourceCardinality>
<sourceEntity>31994DFD-7B6E-D69B-1590-D7F7F6C34E57</sourceEntity>
<targetCardinalityString>*</targetCardinalityString>
<targetEntity>988FD98E-714B-276E-3016-60C9985EA2F3</targetEntity>
<transferable>true</transferable>
<deleteRule>NO ACTION</deleteRule>
</Relation>