<?xml version = '1.0' encoding = 'UTF-8'?>
<Relation class="oracle.dbtools.crest.model.design.logical.Relation" name="MEDICO_ATENCIONMEDICA" directorySegmentName="seg_0" id="39E06BC5-4AA3-4FD1-BA1D-8E9F2CF648B8">
<createdBy>NVITSVBESSS</createdBy>
<createdTime>2025-09-15 22:06:21 UTC</createdTime>
<ownerDesignName>Exp2_S5_Sebastian_Cardenas</ownerDesignName>
<engineerTo>
<item key="4A2A5302-EB44-C1E7-8EC5-9BE6CF2C3CB8" value="true"/>
</engineerTo>
<sourcePk>AADBC8E7-56C0-A699-E3E2-7CC4E2C43F64</sourcePk>
<identifying>false</identifying>
<optionalSource>true</optionalSource>
<optionalTarget>false</optionalTarget>
<sourceCardinality>1</sourceCardinality>
<sourceEntity>D4E54448-1AF0-42C7-D39A-51EE1D62D50F</sourceEntity>
<targetCardinalityString>*</targetCardinalityString>
<targetEntity>988FD98E-714B-276E-3016-60C9985EA2F3</targetEntity>
<transferable>true</transferable>
<deleteRule>NO ACTION</deleteRule>
</Relation>