<?xml version = '1.0' encoding = 'UTF-8'?>
<Relation class="oracle.dbtools.crest.model.design.logical.Relation" name="PAGOATENCION_METODOPAGO" directorySegmentName="seg_0" id="50E15774-9AD3-E0B1-1D2E-9129B11CDDCC">
<createdBy>NVITSVBESSS</createdBy>
<createdTime>2025-09-16 00:32:13 UTC</createdTime>
<ownerDesignName>Exp2_S5_Sebastian_Cardenas</ownerDesignName>
<engineerTo>
<item key="4A2A5302-EB44-C1E7-8EC5-9BE6CF2C3CB8" value="true"/>
</engineerTo>
<sourcePk>16599458-9BC3-A9C7-275E-C42AE0001353</sourcePk>
<identifying>false</identifying>
<optionalSource>false</optionalSource>
<optionalTarget>false</optionalTarget>
<sourceCardinality>1</sourceCardinality>
<sourceEntity>6B1E6549-9312-D0F0-39EC-3D6DE7649B36</sourceEntity>
<targetCardinalityString>*</targetCardinalityString>
<targetEntity>B78B6DF6-F562-0CAF-BE62-D59F959D0B31</targetEntity>
<transferable>true</transferable>
<deleteRule>NO ACTION</deleteRule>
</Relation>