<?xml version = '1.0' encoding = 'UTF-8'?>
<Relation class="oracle.dbtools.crest.model.design.logical.Relation" name="REGION_COMUNA" directorySegmentName="seg_0" id="D92731D7-55C8-19A6-3503-EB42F2D347C1">
<createdBy>NVITSVBESSS</createdBy>
<createdTime>2025-09-15 23:52:17 UTC</createdTime>
<ownerDesignName>Exp2_S5_Sebastian_Cardenas</ownerDesignName>
<engineerTo>
<item key="4A2A5302-EB44-C1E7-8EC5-9BE6CF2C3CB8" value="true"/>
</engineerTo>
<sourcePk>9811D933-5087-3DB4-103A-88FB03304BF3</sourcePk>
<identifying>false</identifying>
<optionalSource>true</optionalSource>
<optionalTarget>true</optionalTarget>
<sourceCardinality>1</sourceCardinality>
<sourceEntity>BD9C7E71-5840-EB55-5366-EA4825EAD2CB</sourceEntity>
<targetCardinalityString>*</targetCardinalityString>
<targetEntity>18F38E15-FFF1-E176-DD72-71A3D5AEB498</targetEntity>
<transferable>true</transferable>
<deleteRule>NO ACTION</deleteRule>
</Relation>