<?xml version = '1.0' encoding = 'UTF-8'?>
<Relation class="oracle.dbtools.crest.model.design.logical.Relation" name="PAGOATENCION_ATENCIONMEDICA" directorySegmentName="seg_0" id="E66B1548-DF1C-9DF6-3CD5-01504CA53693">
<createdBy>NVITSVBESSS</createdBy>
<createdTime>2025-09-15 22:05:52 UTC</createdTime>
<ownerDesignName>Exp2_S5_Sebastian_Cardenas</ownerDesignName>
<engineerTo>
<item key="4A2A5302-EB44-C1E7-8EC5-9BE6CF2C3CB8" value="true"/>
</engineerTo>
<sourcePk>E846F359-E44E-A40D-7198-BFF0859E12B1</sourcePk>
<targetPk>69DE03D5-3B0A-1AB9-05E0-88620DC2FD5E</targetPk>
<identifying>false</identifying>
<optionalSource>true</optionalSource>
<optionalTarget>false</optionalTarget>
<sourceCardinality>*</sourceCardinality>
<sourceEntity>B78B6DF6-F562-0CAF-BE62-D59F959D0B31</sourceEntity>
<targetCardinalityString>1</targetCardinalityString>
<targetEntity>988FD98E-714B-276E-3016-60C9985EA2F3</targetEntity>
<transferable>true</transferable>
<deleteRule>NO ACTION</deleteRule>
</Relation>