<?xml version = '1.0' encoding = 'UTF-8'?>
<Entity class="oracle.dbtools.crest.model.design.logical.Entity" directorySegmentName="seg_0" id="75FA9048-72B3-2C8F-15EE-20E728F3984D" name="ESPECIALIDAD">
<createdBy>NVITSVBESSS</createdBy>
<createdTime>2025-09-15 22:04:14 UTC</createdTime>
<ownerDesignName>Exp2_S5_Sebastian_Cardenas</ownerDesignName>
<engineerTo>
<item key="4A2A5302-EB44-C1E7-8EC5-9BE6CF2C3CB8" value="true"/>
</engineerTo>
<adequatelyNormalized>NO</adequatelyNormalized>
<expectedVolumes>0</expectedVolumes>
<fwdEngineeringStrategyName>Single Table</fwdEngineeringStrategyName>
<growthPercent>0</growthPercent>
<growthType>Year</growthType>
<maxVolumes>9999999</maxVolumes>
<minVolumes>0</minVolumes>
<normalForm>Third</normalForm>
<attributes itemClass="oracle.dbtools.crest.model.design.logical.Attribute">
<Attribute name="id_esp" id="CBF665C9-0B1F-A438-463C-7E2FDEBE342C">
<createdBy>NVITSVBESSS</createdBy>
<createdTime>2025-09-15 22:04:20 UTC</createdTime>
<ownerDesignName>Exp2_S5_Sebastian_Cardenas</ownerDesignName>
<engineerTo>
<item key="4A2A5302-EB44-C1E7-8EC5-9BE6CF2C3CB8" value="true"/>
</engineerTo>
<useDomainConstraints>false</useDomainConstraints>
<use>1</use>
<logicalDatatype>LOGDT024</logicalDatatype>
<dataTypeSize>100 CHAR</dataTypeSize>
<ownDataTypeParameters>100 CHAR,,</ownDataTypeParameters>
</Attribute>
<Attribute name="rut_medico" id="16004A4D-39D4-433F-211D-B433ED122F5E">
<createdBy>NVITSVBESSS</createdBy>
<createdTime>2025-09-15 22:04:42 UTC</createdTime>
<ownerDesignName>Exp2_S5_Sebastian_Cardenas</ownerDesignName>
<engineerTo>
<item key="4A2A5302-EB44-C1E7-8EC5-9BE6CF2C3CB8" value="true"/>
</engineerTo>
<useDomainConstraints>false</useDomainConstraints>
<use>1</use>
<logicalDatatype>LOGDT024</logicalDatatype>
<dataTypeSize>12 CHAR</dataTypeSize>
<ownDataTypeParameters>12 CHAR,,</ownDataTypeParameters>
</Attribute>
<Attribute name="nombre_especialdiad" id="63DA9A1B-6C7A-31D1-5125-7196B01ACE45">
<createdBy>NVITSVBESSS</createdBy>
<createdTime>2025-09-15 22:05:17 UTC</createdTime>
<ownerDesignName>Exp2_S5_Sebastian_Cardenas</ownerDesignName>
<engineerTo>
<item key="4A2A5302-EB44-C1E7-8EC5-9BE6CF2C3CB8" value="true"/>
</engineerTo>
<useDomainConstraints>false</useDomainConstraints>
<use>1</use>
<logicalDatatype>LOGDT024</logicalDatatype>
<dataTypeSize>100 CHAR</dataTypeSize>
<ownDataTypeParameters>100 CHAR,,</ownDataTypeParameters>
</Attribute>
</attributes>
<identifiers itemClass="oracle.dbtools.crest.model.design.logical.CandidateKey">
<identifier id="444F5AB9-2608-B36B-9416-412E7D39E09A" name="ESPECIALIDAD PK">
<createdBy>NVITSVBESSS</createdBy>
<createdTime>2025-09-15 22:04:25 UTC</createdTime>
<ownerDesignName>Exp2_S5_Sebastian_Cardenas</ownerDesignName>
<shouldEngineer>false</shouldEngineer>
<engineerTo>
<item key="4A2A5302-EB44-C1E7-8EC5-9BE6CF2C3CB8" value="false"/>
</engineerTo>
<pk>true</pk>
<usedAttributes>
<attributeRef>CBF665C9-0B1F-A438-463C-7E2FDEBE342C</attributeRef>
</usedAttributes>
</identifier>
</identifiers>
</Entity>