<?xml version = '1.0' encoding = 'UTF-8'?>
<Entity class="oracle.dbtools.crest.model.design.logical.Entity" directorySegmentName="seg_0" id="988FD98E-714B-276E-3016-60C9985EA2F3" name="ATENCION_MEDICA">
<createdBy>NVITSVBESSS</createdBy>
<createdTime>2025-09-15 21:53:22 UTC</createdTime>
<ownerDesignName>Exp2_S5_Sebastian_Cardenas</ownerDesignName>
<engineerTo>
<item key="4A2A5302-EB44-C1E7-8EC5-9BE6CF2C3CB8" value="true"/>
</engineerTo>
<adequatelyNormalized>NO</adequatelyNormalized>
<expectedVolumes>0</expectedVolumes>
<fwdEngineeringStrategyName>Single Table</fwdEngineeringStrategyName>
<growthPercent>0</growthPercent>
<growthType>Year</growthType>
<maxVolumes>9999999</maxVolumes>
<minVolumes>0</minVolumes>
<normalForm>Third</normalForm>
<attributes itemClass="oracle.dbtools.crest.model.design.logical.Attribute">
<Attribute name="id_atencion" id="6B2C78DD-A7F6-3701-FE0C-7C654480F6C2">
<createdBy>NVITSVBESSS</createdBy>
<createdTime>2025-09-15 21:55:05 UTC</createdTime>
<ownerDesignName>Exp2_S5_Sebastian_Cardenas</ownerDesignName>
<engineerTo>
<item key="4A2A5302-EB44-C1E7-8EC5-9BE6CF2C3CB8" value="true"/>
</engineerTo>
<useDomainConstraints>false</useDomainConstraints>
<use>1</use>
<logicalDatatype>LOGDT024</logicalDatatype>
<dataTypeSize>100 CHAR</dataTypeSize>
<ownDataTypeParameters>100 CHAR,,</ownDataTypeParameters>
</Attribute>
<Attribute name="fecha_atencion" id="E1F20B8E-7B46-7692-30DF-164C7B76B2AC">
<createdBy>NVITSVBESSS</createdBy>
<createdTime>2025-09-15 21:55:25 UTC</createdTime>
<ownerDesignName>Exp2_S5_Sebastian_Cardenas</ownerDesignName>
<engineerTo>
<item key="4A2A5302-EB44-C1E7-8EC5-9BE6CF2C3CB8" value="true"/>
</engineerTo>
<useDomainConstraints>false</useDomainConstraints>
<use>1</use>
<logicalDatatype>LOGDT019</logicalDatatype>
<dataTypePrecision>15</dataTypePrecision>
<ownDataTypeParameters>,15,</ownDataTypeParameters>
</Attribute>
<Attribute name="id_empleado" id="04BCF3D9-C85E-5DA5-68AC-5B00E829DF74">
<createdBy>NVITSVBESSS</createdBy>
<createdTime>2025-09-16 00:26:43 UTC</createdTime>
<generatorID>2EB340BE-33AE-2AE7-01B8-2178B0189813</generatorID>
<ownerDesignName>Exp2_S5_Sebastian_Cardenas</ownerDesignName>
<engineerTo>
<item key="4A2A5302-EB44-C1E7-8EC5-9BE6CF2C3CB8" value="true"/>
</engineerTo>
<referedAttribute>489CFE3D-D21A-5149-3FBC-BFC6BBFC2B29</referedAttribute>
<useDomainConstraints>false</useDomainConstraints>
<use>1</use>
<logicalDatatype>LOGDT019</logicalDatatype>
<dataTypePrecision>50</dataTypePrecision>
<ownDataTypeParameters>,50,</ownDataTypeParameters>
</Attribute>
<Attribute name="id_paciente" id="E7B223AD-C78F-8B87-3D23-8D85165C74EE">
<createdBy>NVITSVBESSS</createdBy>
<createdTime>2025-09-16 00:37:48 UTC</createdTime>
<generatorID>385A1B9B-146D-0A19-54D9-8B70E7875AA9</generatorID>
<ownerDesignName>Exp2_S5_Sebastian_Cardenas</ownerDesignName>
<engineerTo>
<item key="4A2A5302-EB44-C1E7-8EC5-9BE6CF2C3CB8" value="true"/>
</engineerTo>
<referedAttribute>2D3A2F91-D523-FE67-8275-1A624A5DF594</referedAttribute>
<useDomainConstraints>false</useDomainConstraints>
<use>1</use>
<logicalDatatype>LOGDT019</logicalDatatype>
<dataTypePrecision>50</dataTypePrecision>
<ownDataTypeParameters>,50,</ownDataTypeParameters>
</Attribute>
<Attribute name="id_medico" id="8654D847-72E0-77CB-F512-B90868B84C85">
<createdBy>NVITSVBESSS</createdBy>
<createdTime>2025-09-16 00:50:48 UTC</createdTime>
<generatorID>39E06BC5-4AA3-4FD1-BA1D-8E9F2CF648B8</generatorID>
<ownerDesignName>Exp2_S5_Sebastian_Cardenas</ownerDesignName>
<engineerTo>
<item key="4A2A5302-EB44-C1E7-8EC5-9BE6CF2C3CB8" value="true"/>
</engineerTo>
<referedAttribute>C5662739-A9B2-7B9F-EBAA-C6AD7A7A191F</referedAttribute>
<useDomainConstraints>false</useDomainConstraints>
<use>1</use>
<logicalDatatype>LOGDT019</logicalDatatype>
<dataTypePrecision>50</dataTypePrecision>
<ownDataTypeParameters>,50,</ownDataTypeParameters>
</Attribute>
</attributes>
<identifiers itemClass="oracle.dbtools.crest.model.design.logical.CandidateKey">
<identifier id="69DE03D5-3B0A-1AB9-05E0-88620DC2FD5E" name="ATENCION_MEDICA PK">
<createdBy>NVITSVBESSS</createdBy>
<createdTime>2025-09-15 21:55:23 UTC</createdTime>
<ownerDesignName>Exp2_S5_Sebastian_Cardenas</ownerDesignName>
<shouldEngineer>false</shouldEngineer>
<engineerTo>
<item key="4A2A5302-EB44-C1E7-8EC5-9BE6CF2C3CB8" value="false"/>
</engineerTo>
<pk>true</pk>
<usedAttributes>
<attributeRef>6B2C78DD-A7F6-3701-FE0C-7C654480F6C2</attributeRef>
</usedAttributes>
</identifier>
</identifiers>
</Entity>