<?xml version = '1.0' encoding = 'UTF-8'?>
<FKIndexAssociation class="oracle.dbtools.crest.model.design.relational.FKIndexAssociation" directorySegmentName="seg_0" id="0DC237E9-4912-BEC2-26FD-B4727B0991DC" containerWithKeyObject="397EA275-D290-FABE-3F1F-A421E31DC080" localFKIndex="78843155-2673-173D-7444-E718D7F1D206" name="ATENCION_MEDICA_PACIENTE_FK">
<createdBy>NVITSVBESSS</createdBy>
<createdTime>2025-09-16 00:13:54 UTC</createdTime>
<generatorID>385A1B9B-146D-0A19-54D9-8B70E7875AA9</generatorID>
<ownerDesignName>Exp2_S5_Sebastian_Cardenas</ownerDesignName>
<referredTableLongName>PACIENTE</referredTableLongName>
<deleteRule>NO ACTION</deleteRule>
<referredTableID>CBAD0C87-152E-D66E-6A65-FC67DFC7A48B</referredTableID>
<keyObject>555A3828-1D04-3F52-A456-278384D681FC</keyObject>
<referredKeyID>555A3828-1D04-3F52-A456-278384D681FC</referredKeyID>
<mandatory>true</mandatory>
<refColNames>id_paciente</refColNames>
<transferable>true</transferable>
<rely>false</rely>
<columnDependencyConstraintGenerateInDDL>true</columnDependencyConstraintGenerateInDDL>
</FKIndexAssociation>