<?xml version = '1.0' encoding = 'UTF-8'?>
<FKIndexAssociation class="oracle.dbtools.crest.model.design.relational.FKIndexAssociation" directorySegmentName="seg_0" id="195CA40B-E94E-84EC-B702-9134F46EF32B" containerWithKeyObject="385C376C-8486-FE4A-027A-DD07F2F0BE5D" localFKIndex="AF063895-ADC2-A679-1ECF-39FCC3CF7E90" name="PAGO_ATEN_ATEN_MEDICA_FK">
<createdBy>NVITSVBESSS</createdBy>
<createdTime>2025-09-16 00:42:20 UTC</createdTime>
<generatorID>E66B1548-DF1C-9DF6-3CD5-01504CA53693</generatorID>
<ownerDesignName>Exp2_S5_Sebastian_Cardenas</ownerDesignName>
<referredTableLongName>ATENCION_MEDICA</referredTableLongName>
<deleteRule>NO ACTION</deleteRule>
<referredTableID>397EA275-D290-FABE-3F1F-A421E31DC080</referredTableID>
<keyObject>58DB1B13-9156-D27B-CDEF-042E6C7D9D8D</keyObject>
<referredKeyID>58DB1B13-9156-D27B-CDEF-042E6C7D9D8D</referredKeyID>
<mandatory>false</mandatory>
<refColNames>id_atencion</refColNames>
<transferable>true</transferable>
<rely>false</rely>
<columnDependencyConstraintGenerateInDDL>true</columnDependencyConstraintGenerateInDDL>
</FKIndexAssociation>