<?xml version = '1.0' encoding = 'UTF-8'?>
<FKIndexAssociation class="oracle.dbtools.crest.model.design.relational.FKIndexAssociation" directorySegmentName="seg_0" id="1A4EFCAA-F804-CB41-7EE7-5673C7818C40" containerWithKeyObject="385C376C-8486-FE4A-027A-DD07F2F0BE5D" localFKIndex="7334F375-CB15-D208-CD2B-E58CE34F025D" name="PAGO_ATEN_METODO_PAGO_FK">
<createdBy>NVITSVBESSS</createdBy>
<createdTime>2025-09-16 00:33:04 UTC</createdTime>
<generatorID>50E15774-9AD3-E0B1-1D2E-9129B11CDDCC</generatorID>
<ownerDesignName>Exp2_S5_Sebastian_Cardenas</ownerDesignName>
<referredTableLongName>METODO_PAGO</referredTableLongName>
<deleteRule>NO ACTION</deleteRule>
<referredTableID>1E9AEE46-DAAC-2BBA-92CB-476985A3F070</referredTableID>
<keyObject>809746B7-0FF3-BA4E-38ED-03FC3AF56D35</keyObject>
<referredKeyID>809746B7-0FF3-BA4E-38ED-03FC3AF56D35</referredKeyID>
<mandatory>true</mandatory>
<refColNames>id_metodo_pago</refColNames>
<transferable>true</transferable>
<rely>false</rely>
<columnDependencyConstraintGenerateInDDL>true</columnDependencyConstraintGenerateInDDL>
</FKIndexAssociation>