<?xml version = '1.0' encoding = 'UTF-8'?>
<FKIndexAssociation class="oracle.dbtools.crest.model.design.relational.FKIndexAssociation" directorySegmentName="seg_0" id="496331AF-3BDD-EADE-CA7B-55EAF464CB86" containerWithKeyObject="1BD43928-899F-8B7D-79FD-AD0175796395" localFKIndex="334E4470-7F7B-CCBC-B03B-3041481FE6E7" name="ESP_MEDICO_MEDICO_FK">
<createdBy>NVITSVBESSS</createdBy>
<createdTime>2025-09-16 00:42:20 UTC</createdTime>
<generatorID>130AF492-A002-ED6C-7B27-43ED4CD217B3</generatorID>
<ownerDesignName>Exp2_S5_Sebastian_Cardenas</ownerDesignName>
<referredTableLongName>MEDICO</referredTableLongName>
<deleteRule>NO ACTION</deleteRule>
<referredTableID>B9990FDF-DD83-4633-14B9-17A3F6D495A9</referredTableID>
<keyObject>428FED51-07D9-D867-FD66-DA867BF83FE0</keyObject>
<referredKeyID>428FED51-07D9-D867-FD66-DA867BF83FE0</referredKeyID>
<mandatory>true</mandatory>
<refColNames>id_medico</refColNames>
<transferable>true</transferable>
<rely>false</rely>
<columnDependencyConstraintGenerateInDDL>true</columnDependencyConstraintGenerateInDDL>
</FKIndexAssociation>