<?xml version = '1.0' encoding = 'UTF-8'?>
<FKIndexAssociation class="oracle.dbtools.crest.model.design.relational.FKIndexAssociation" directorySegmentName="seg_0" id="614FBE81-D0B2-579B-C5AA-F86F4D1CFD10" containerWithKeyObject="EC2F35B9-FF5D-BE47-3A6C-2EE2C856B812" localFKIndex="4538ACE5-8D00-90CB-EB14-5BD86ACB4678" name="COMUNA_REGION_FK">
<createdBy>NVITSVBESSS</createdBy>
<createdTime>2025-09-16 00:13:54 UTC</createdTime>
<generatorID>D92731D7-55C8-19A6-3503-EB42F2D347C1</generatorID>
<ownerDesignName>Exp2_S5_Sebastian_Cardenas</ownerDesignName>
<referredTableLongName>REGION</referredTableLongName>
<deleteRule>NO ACTION</deleteRule>
<referredTableID>63579CDC-C90C-9DE0-166A-226272351C81</referredTableID>
<keyObject>D7085FA6-68C0-3501-5A66-B46962382945</keyObject>
<referredKeyID>D7085FA6-68C0-3501-5A66-B46962382945</referredKeyID>
<mandatory>false</mandatory>
<refColNames>id_region</refColNames>
<transferable>true</transferable>
<rely>false</rely>
<columnDependencyConstraintGenerateInDDL>true</columnDependencyConstraintGenerateInDDL>
</FKIndexAssociation>