<?xml version = '1.0' encoding = 'UTF-8'?>
<FKIndexAssociation class="oracle.dbtools.crest.model.design.relational.FKIndexAssociation" directorySegmentName="seg_0" id="A10B7116-C850-3D0B-3A67-0C4BB15830AE" containerWithKeyObject="397EA275-D290-FABE-3F1F-A421E31DC080" localFKIndex="9E10768F-5EEE-C501-EF74-90D4E0453216" name="ATENCION_MEDICA_MEDICO_FK">
<createdBy>NVITSVBESSS</createdBy>
<createdTime>2025-09-16 00:13:54 UTC</createdTime>
<generatorID>39E06BC5-4AA3-4FD1-BA1D-8E9F2CF648B8</generatorID>
<ownerDesignName>Exp2_S5_Sebastian_Cardenas</ownerDesignName>
<referredTableLongName>MEDICO</referredTableLongName>
<deleteRule>NO ACTION</deleteRule>
<referredTableID>B9990FDF-DD83-4633-14B9-17A3F6D495A9</referredTableID>
<keyObject>428FED51-07D9-D867-FD66-DA867BF83FE0</keyObject>
<referredKeyID>428FED51-07D9-D867-FD66-DA867BF83FE0</referredKeyID>
<mandatory>true</mandatory>
<refColNames>id_medico</refColNames>
<transferable>true</transferable>
<rely>false</rely>
<columnDependencyConstraintGenerateInDDL>true</columnDependencyConstraintGenerateInDDL>
</FKIndexAssociation>