<?xml version = '1.0' encoding = 'UTF-8'?>
<FKIndexAssociation class="oracle.dbtools.crest.model.design.relational.FKIndexAssociation" directorySegmentName="seg_0" id="A96C6E4C-FEC3-91BF-990B-8F9FB7C3D383" containerWithKeyObject="CBAD0C87-152E-D66E-6A65-FC67DFC7A48B" localFKIndex="76869041-BA3A-B704-BE1F-EDBAB4835C77" name="PACIENTE_COMUNA_FK">
<createdBy>NVITSVBESSS</createdBy>
<createdTime>2025-09-16 00:13:54 UTC</createdTime>
<generatorID>17D98F6B-6B86-7F33-C803-06CEF9CEF52F</generatorID>
<ownerDesignName>Exp2_S5_Sebastian_Cardenas</ownerDesignName>
<referredTableLongName>COMUNA</referredTableLongName>
<deleteRule>NO ACTION</deleteRule>
<referredTableID>EC2F35B9-FF5D-BE47-3A6C-2EE2C856B812</referredTableID>
<keyObject>D768195D-F0EC-B8CE-40F3-F10112B591BD</keyObject>
<referredKeyID>D768195D-F0EC-B8CE-40F3-F10112B591BD</referredKeyID>
<mandatory>true</mandatory>
<refColNames>id_comuna</refColNames>
<transferable>true</transferable>
<rely>false</rely>
<columnDependencyConstraintGenerateInDDL>true</columnDependencyConstraintGenerateInDDL>
</FKIndexAssociation>