<?xml version = '1.0' encoding = 'UTF-8'?>
<FKIndexAssociation class="oracle.dbtools.crest.model.design.relational.FKIndexAssociation" directorySegmentName="seg_0" id="CD8FB5F2-9C53-8366-F381-52B7C266626E" containerWithKeyObject="397EA275-D290-FABE-3F1F-A421E31DC080" localFKIndex="DD30D4C5-22A2-45F3-5A01-30E37043BB63" name="ATENCION_MEDICA_EMPLEADO_FK">
<createdBy>NVITSVBESSS</createdBy>
<createdTime>2025-09-16 00:33:04 UTC</createdTime>
<generatorID>2EB340BE-33AE-2AE7-01B8-2178B0189813</generatorID>
<ownerDesignName>Exp2_S5_Sebastian_Cardenas</ownerDesignName>
<referredTableLongName>EMPLEADO</referredTableLongName>
<deleteRule>NO ACTION</deleteRule>
<referredTableID>D12184B3-8DFE-5373-C516-917E0212D388</referredTableID>
<keyObject>CE5F0308-1657-3ECF-73E5-1C67507D7C82</keyObject>
<referredKeyID>CE5F0308-1657-3ECF-73E5-1C67507D7C82</referredKeyID>
<mandatory>true</mandatory>
<refColNames>id_empleado</refColNames>
<transferable>true</transferable>
<rely>false</rely>
<columnDependencyConstraintGenerateInDDL>true</columnDependencyConstraintGenerateInDDL>
</FKIndexAssociation>