<?xml version = '1.0' encoding = 'UTF-8'?>
<FKIndexAssociation class="oracle.dbtools.crest.model.design.relational.FKIndexAssociation" directorySegmentName="seg_0" id="F61A95D0-1738-CE42-6FE6-EC5FE90EEE57" containerWithKeyObject="1BD43928-899F-8B7D-79FD-AD0175796395" localFKIndex="B4088E20-3DDB-CC4B-3B93-2BBE7EA533A9" name="ESP_MEDICO_ESP_FK">
<createdBy>NVITSVBESSS</createdBy>
<createdTime>2025-09-16 00:42:20 UTC</createdTime>
<generatorID>130AF492-A002-ED6C-7B27-43ED4CD217B3</generatorID>
<ownerDesignName>Exp2_S5_Sebastian_Cardenas</ownerDesignName>
<referredTableLongName>ESPECIALIDAD</referredTableLongName>
<deleteRule>NO ACTION</deleteRule>
<referredTableID>C65B28B5-F9ED-31A5-EA4A-A6F11E393470</referredTableID>
<keyObject>F4BC61FF-DAEA-D392-894A-01A1C1610877</keyObject>
<referredKeyID>F4BC61FF-DAEA-D392-894A-01A1C1610877</referredKeyID>
<mandatory>true</mandatory>
<refColNames>id_esp</refColNames>
<transferable>true</transferable>
<rely>false</rely>
<columnDependencyConstraintGenerateInDDL>true</columnDependencyConstraintGenerateInDDL>
</FKIndexAssociation>