<?xml version = '1.0' encoding = 'UTF-8'?>
<Table class="oracle.dbtools.crest.model.design.relational.Table" directorySegmentName="seg_0" id="1BD43928-899F-8B7D-79FD-AD0175796395" name="ESPECIALIDAD_MEDICO">
<createdBy>NVITSVBESSS</createdBy>
<createdTime>2025-09-16 00:42:20 UTC</createdTime>
<ownerDesignName>Exp2_S5_Sebastian_Cardenas</ownerDesignName>
<allowColumnReorder>false</allowColumnReorder>
<existDependencyGenerateInDDl>true</existDependencyGenerateInDDl>
<parsed>true</parsed>
<columns itemClass="oracle.dbtools.crest.model.design.relational.Column">
<Column name="ESPECIALIDAD_id_esp" id="E2DABF81-29D5-ED92-CB23-76195A7939E4">
<createdBy>NVITSVBESSS</createdBy>
<createdTime>2025-09-16 00:42:20 UTC</createdTime>
<ownerDesignName>Exp2_S5_Sebastian_Cardenas</ownerDesignName>
<useDomainConstraints>false</useDomainConstraints>
<use>1</use>
<logicalDatatype>LOGDT024</logicalDatatype>
<dataTypeSize>100 CHAR</dataTypeSize>
<ownDataTypeParameters>100 CHAR,,</ownDataTypeParameters>
<previousColumn>false</previousColumn>
<autoIncrementCycle>false</autoIncrementCycle>
<associations>
<colAssociation fkAssociation="F61A95D0-1738-CE42-6FE6-EC5FE90EEE57" referredColumn="636E5625-880D-458E-7579-F49E9B82AC0B"/>
</associations>
</Column>
<Column name="MEDICO_id_medico" id="218C27E5-A258-3533-FC1F-875AAB61123D">
<createdBy>NVITSVBESSS</createdBy>
<createdTime>2025-09-16 00:42:20 UTC</createdTime>
<ownerDesignName>Exp2_S5_Sebastian_Cardenas</ownerDesignName>
<useDomainConstraints>false</useDomainConstraints>
<use>1</use>
<logicalDatatype>LOGDT019</logicalDatatype>
<dataTypePrecision>50</dataTypePrecision>
<ownDataTypeParameters>,50,</ownDataTypeParameters>
<previousColumn>false</previousColumn>
<autoIncrementCycle>false</autoIncrementCycle>
<associations>
<colAssociation fkAssociation="496331AF-3BDD-EADE-CA7B-55EAF464CB86" referredColumn="E7A5ADF2-3457-6086-B328-AB9DEA61A555"/>
</associations>
</Column>
</columns>
<indexes itemClass="oracle.dbtools.crest.model.design.relational.Index">
<ind_PK_UK id="9F0D2F5D-98F6-C47D-CC16-65E2BED4BD04" name="ESPECIALIDAD_MEDICO_PK">
<createdBy>NVITSVBESSS</createdBy>
<createdTime>2025-09-16 00:42:20 UTC</createdTime>
<ownerDesignName>Exp2_S5_Sebastian_Cardenas</ownerDesignName>
<pk>true</pk>
<indexState>Primary Constraint</indexState>
<isSurrogateKey>false</isSurrogateKey>
<indexColumnUsage>
<colUsage columnID="E2DABF81-29D5-ED92-CB23-76195A7939E4"/>
<colUsage columnID="218C27E5-A258-3533-FC1F-875AAB61123D"/>
</indexColumnUsage>
</ind_PK_UK>
<ind_PK_UK id="B4088E20-3DDB-CC4B-3B93-2BBE7EA533A9" name="ESP_MEDICO_ESP_FK">
<createdBy>NVITSVBESSS</createdBy>
<createdTime>2025-09-16 00:42:20 UTC</createdTime>
<generatorID>130AF492-A002-ED6C-7B27-43ED4CD217B3</generatorID>
<ownerDesignName>Exp2_S5_Sebastian_Cardenas</ownerDesignName>
<indexState>Foreign Key</indexState>
<isSurrogateKey>false</isSurrogateKey>
<indexColumnUsage>
<colUsage columnID="E2DABF81-29D5-ED92-CB23-76195A7939E4"/>
</indexColumnUsage>
</ind_PK_UK>
<ind_PK_UK id="334E4470-7F7B-CCBC-B03B-3041481FE6E7" name="ESP_MEDICO_MEDICO_FK">
<createdBy>NVITSVBESSS</createdBy>
<createdTime>2025-09-16 00:42:20 UTC</createdTime>
<generatorID>130AF492-A002-ED6C-7B27-43ED4CD217B3</generatorID>
<ownerDesignName>Exp2_S5_Sebastian_Cardenas</ownerDesignName>
<indexState>Foreign Key</indexState>
<isSurrogateKey>false</isSurrogateKey>
<indexColumnUsage>
<colUsage columnID="218C27E5-A258-3533-FC1F-875AAB61123D"/>
</indexColumnUsage>
</ind_PK_UK>
</indexes>
</Table>