<?xml version = '1.0' encoding = 'UTF-8'?>
<Table class="oracle.dbtools.crest.model.design.relational.Table" directorySegmentName="seg_0" id="385C376C-8486-FE4A-027A-DD07F2F0BE5D" name="PAGO_ATENCION">
<createdBy>NVITSVBESSS</createdBy>
<createdTime>2025-09-16 00:13:54 UTC</createdTime>
<generatorID>B78B6DF6-F562-0CAF-BE62-D59F959D0B31</generatorID>
<ownerDesignName>Exp2_S5_Sebastian_Cardenas</ownerDesignName>
<allowColumnReorder>false</allowColumnReorder>
<existDependencyGenerateInDDl>true</existDependencyGenerateInDDl>
<parsed>true</parsed>
<columns itemClass="oracle.dbtools.crest.model.design.relational.Column">
<Column name="id_pago" id="5C91D719-1D60-AFA9-515A-7F079419BEDC">
<createdBy>NVITSVBESSS</createdBy>
<createdTime>2025-09-16 00:13:54 UTC</createdTime>
<generatorID>80CE507F-105B-A0BC-2448-60E5DA058CCB</generatorID>
<ownerDesignName>Exp2_S5_Sebastian_Cardenas</ownerDesignName>
<useDomainConstraints>false</useDomainConstraints>
<use>1</use>
<logicalDatatype>LOGDT024</logicalDatatype>
<dataTypeSize>100 CHAR</dataTypeSize>
<ownDataTypeParameters>100 CHAR,,</ownDataTypeParameters>
<autoIncrementCycle>false</autoIncrementCycle>
</Column>
<Column name="rut_paciente" id="3E932D7D-B0FD-26EA-2CA4-480D179F02EB">
<createdBy>NVITSVBESSS</createdBy>
<createdTime>2025-09-16 00:13:54 UTC</createdTime>
<generatorID>E8F1FA1E-F523-57E0-A913-FA094951DA6B</generatorID>
<ownerDesignName>Exp2_S5_Sebastian_Cardenas</ownerDesignName>
<useDomainConstraints>false</useDomainConstraints>
<use>1</use>
<logicalDatatype>LOGDT024</logicalDatatype>
<dataTypeSize>12</dataTypeSize>
<ownDataTypeParameters>12,,</ownDataTypeParameters>
<autoIncrementCycle>false</autoIncrementCycle>
</Column>
<Column name="nombre_paciente" id="46FD6E50-C4EC-5799-165E-DE4E93BF368C">
<createdBy>NVITSVBESSS</createdBy>
<createdTime>2025-09-16 00:13:54 UTC</createdTime>
<generatorID>9E2C7E7A-62AA-D53A-418E-5A7299E8F147</generatorID>
<ownerDesignName>Exp2_S5_Sebastian_Cardenas</ownerDesignName>
<useDomainConstraints>false</useDomainConstraints>
<use>1</use>
<logicalDatatype>LOGDT024</logicalDatatype>
<dataTypeSize>100 CHAR</dataTypeSize>
<ownDataTypeParameters>100 CHAR,,</ownDataTypeParameters>
<autoIncrementCycle>false</autoIncrementCycle>
</Column>
<Column name="fecha_pago" id="5B5ABC01-E9C2-2426-0191-78CBBB5DF1FF">
<createdBy>NVITSVBESSS</createdBy>
<createdTime>2025-09-16 00:13:54 UTC</createdTime>
<generatorID>09E283F3-A624-CE89-3B86-1784A684FF2B</generatorID>
<ownerDesignName>Exp2_S5_Sebastian_Cardenas</ownerDesignName>
<useDomainConstraints>false</useDomainConstraints>
<use>1</use>
<logicalDatatype>LOGDT024</logicalDatatype>
<dataTypeSize>100 CHAR</dataTypeSize>
<ownDataTypeParameters>100 CHAR,,</ownDataTypeParameters>
<autoIncrementCycle>false</autoIncrementCycle>
</Column>
<Column name="monto_pagado" id="EF0C867C-17C6-08A2-25E8-ECD73CA7D976">
<createdBy>NVITSVBESSS</createdBy>
<createdTime>2025-09-16 00:13:54 UTC</createdTime>
<generatorID>0A6C1A74-19CD-B7F4-F19D-7B8359F95ADF</generatorID>
<ownerDesignName>Exp2_S5_Sebastian_Cardenas</ownerDesignName>
<useDomainConstraints>false</useDomainConstraints>
<use>1</use>
<logicalDatatype>LOGDT024</logicalDatatype>
<dataTypeSize>50 CHAR</dataTypeSize>
<ownDataTypeParameters>50 CHAR,,</ownDataTypeParameters>
<autoIncrementCycle>false</autoIncrementCycle>
</Column>
<Column name="tipo_atencion" id="27519C46-3D5C-9B51-8630-67AFB67911A1">
<createdBy>NVITSVBESSS</createdBy>
<createdTime>2025-09-16 00:13:54 UTC</createdTime>
<generatorID>54DBF729-695A-D92A-CAD0-60BCCC338C33</generatorID>
<ownerDesignName>Exp2_S5_Sebastian_Cardenas</ownerDesignName>
<useDomainConstraints>false</useDomainConstraints>
<use>1</use>
<logicalDatatype>LOGDT024</logicalDatatype>
<dataTypeSize>100 CHAR</dataTypeSize>
<ownDataTypeParameters>100 CHAR,,</ownDataTypeParameters>
<autoIncrementCycle>false</autoIncrementCycle>
</Column>
<Column name="nombre_medico" id="74AC3A9A-BA69-3396-E797-B0E7B32B33FC">
<createdBy>NVITSVBESSS</createdBy>
<createdTime>2025-09-16 00:13:54 UTC</createdTime>
<generatorID>FA8E08E8-B480-268B-A89C-189579E9E222</generatorID>
<ownerDesignName>Exp2_S5_Sebastian_Cardenas</ownerDesignName>
<useDomainConstraints>false</useDomainConstraints>
<use>1</use>
<logicalDatatype>LOGDT024</logicalDatatype>
<dataTypeSize>100 CHAR</dataTypeSize>
<ownDataTypeParameters>100 CHAR,,</ownDataTypeParameters>
<autoIncrementCycle>false</autoIncrementCycle>
</Column>
<Column name="METODO_PAGO_id_metodo_pago" id="9A8945B7-0C67-FDAE-581E-B92B158AC3B5">
<createdBy>NVITSVBESSS</createdBy>
<createdTime>2025-09-16 00:33:04 UTC</createdTime>
<generatorID>A294D92B-6716-2A61-22A3-31F38108A48B</generatorID>
<ownerDesignName>Exp2_S5_Sebastian_Cardenas</ownerDesignName>
<useDomainConstraints>false</useDomainConstraints>
<use>1</use>
<logicalDatatype>LOGDT024</logicalDatatype>
<dataTypeSize>50 CHAR</dataTypeSize>
<ownDataTypeParameters>50 CHAR,,</ownDataTypeParameters>
<previousColumn>false</previousColumn>
<autoIncrementCycle>false</autoIncrementCycle>
<associations>
<colAssociation fkAssociation="1A4EFCAA-F804-CB41-7EE7-5673C7818C40" referredColumn="3FB993C0-102A-167A-BAA9-D36D8EAF6B3A"/>
</associations>
</Column>
<Column name="ATENCION_MEDICA_id_atencion" id="3E805E8B-76E8-F186-8F0F-938161529D10">
<createdBy>NVITSVBESSS</createdBy>
<createdTime>2025-09-16 00:42:20 UTC</createdTime>
<generatorID>17D9B478-8B2D-04A1-4A93-2588C0897140</generatorID>
<ownerDesignName>Exp2_S5_Sebastian_Cardenas</ownerDesignName>
<nullsAllowed>true</nullsAllowed>
<useDomainConstraints>false</useDomainConstraints>
<use>1</use>
<logicalDatatype>LOGDT024</logicalDatatype>
<dataTypeSize>100 CHAR</dataTypeSize>
<ownDataTypeParameters>100 CHAR,,</ownDataTypeParameters>
<previousColumn>false</previousColumn>
<autoIncrementCycle>false</autoIncrementCycle>
<associations>
<colAssociation fkAssociation="195CA40B-E94E-84EC-B702-9134F46EF32B" referredColumn="0BB3DAD2-EE4C-8B61-08BA-C396716683D8"/>
</associations>
</Column>
</columns>
<indexes itemClass="oracle.dbtools.crest.model.design.relational.Index">
<ind_PK_UK id="3E5ADD6F-5CFD-2ADC-9C1D-EA0D3EA9FB2D" name="PAGO_ATENCION_PK">
<createdBy>NVITSVBESSS</createdBy>
<createdTime>2025-09-16 00:13:54 UTC</createdTime>
<generatorID>E846F359-E44E-A40D-7198-BFF0859E12B1</generatorID>
<ownerDesignName>Exp2_S5_Sebastian_Cardenas</ownerDesignName>
<pk>true</pk>
<indexState>Primary Constraint</indexState>
<isSurrogateKey>false</isSurrogateKey>
<indexColumnUsage>
<colUsage columnID="5C91D719-1D60-AFA9-515A-7F079419BEDC"/>
</indexColumnUsage>
</ind_PK_UK>
<ind_PK_UK id="C6ECC4C3-B267-A523-04B1-6F431438278A" name="PAGO_ATENCION__IDX">
<createdBy>NVITSVBESSS</createdBy>
<createdTime>2025-09-16 00:33:04 UTC</createdTime>
<ownerDesignName>Exp2_S5_Sebastian_Cardenas</ownerDesignName>
<indexState>Unique Plain Index</indexState>
<isSurrogateKey>false</isSurrogateKey>
<relationGeneratorID>50E15774-9AD3-E0B1-1D2E-9129B11CDDCC</relationGeneratorID>
<indexColumnUsage>
<colUsage columnID="9A8945B7-0C67-FDAE-581E-B92B158AC3B5"/>
</indexColumnUsage>
</ind_PK_UK>
<ind_PK_UK id="7334F375-CB15-D208-CD2B-E58CE34F025D" name="PAGO_ATEN_METODO_PAGO_FK">
<createdBy>NVITSVBESSS</createdBy>
<createdTime>2025-09-16 00:33:04 UTC</createdTime>
<generatorID>50E15774-9AD3-E0B1-1D2E-9129B11CDDCC</generatorID>
<ownerDesignName>Exp2_S5_Sebastian_Cardenas</ownerDesignName>
<indexState>Foreign Key</indexState>
<isSurrogateKey>false</isSurrogateKey>
<indexColumnUsage>
<colUsage columnID="9A8945B7-0C67-FDAE-581E-B92B158AC3B5"/>
</indexColumnUsage>
</ind_PK_UK>
<ind_PK_UK id="AF063895-ADC2-A679-1ECF-39FCC3CF7E90" name="PAGO_ATEN_ATEN_MEDICA_FK">
<createdBy>NVITSVBESSS</createdBy>
<createdTime>2025-09-16 00:42:20 UTC</createdTime>
<generatorID>E66B1548-DF1C-9DF6-3CD5-01504CA53693</generatorID>
<ownerDesignName>Exp2_S5_Sebastian_Cardenas</ownerDesignName>
<indexState>Foreign Key</indexState>
<isSurrogateKey>false</isSurrogateKey>
<indexColumnUsage>
<colUsage columnID="3E805E8B-76E8-F186-8F0F-938161529D10"/>
</indexColumnUsage>
</ind_PK_UK>
</indexes>
</Table>