<?xml version = '1.0' encoding = 'UTF-8'?>
<Table class="oracle.dbtools.crest.model.design.relational.Table" directorySegmentName="seg_0" id="397EA275-D290-FABE-3F1F-A421E31DC080" name="ATENCION_MEDICA">
<createdBy>NVITSVBESSS</createdBy>
<createdTime>2025-09-16 00:13:54 UTC</createdTime>
<generatorID>988FD98E-714B-276E-3016-60C9985EA2F3</generatorID>
<ownerDesignName>Exp2_S5_Sebastian_Cardenas</ownerDesignName>
<allowColumnReorder>false</allowColumnReorder>
<existDependencyGenerateInDDl>true</existDependencyGenerateInDDl>
<parsed>true</parsed>
<columns itemClass="oracle.dbtools.crest.model.design.relational.Column">
<Column name="id_atencion" id="0BB3DAD2-EE4C-8B61-08BA-C396716683D8">
<createdBy>NVITSVBESSS</createdBy>
<createdTime>2025-09-16 00:13:54 UTC</createdTime>
<generatorID>6B2C78DD-A7F6-3701-FE0C-7C654480F6C2</generatorID>
<ownerDesignName>Exp2_S5_Sebastian_Cardenas</ownerDesignName>
<useDomainConstraints>false</useDomainConstraints>
<use>1</use>
<logicalDatatype>LOGDT024</logicalDatatype>
<dataTypeSize>100 CHAR</dataTypeSize>
<ownDataTypeParameters>100 CHAR,,</ownDataTypeParameters>
<autoIncrementCycle>false</autoIncrementCycle>
</Column>
<Column name="fecha_atencion" id="2FC887F8-D99B-66C1-D8E6-4976807EBA48">
<createdBy>NVITSVBESSS</createdBy>
<createdTime>2025-09-16 00:13:54 UTC</createdTime>
<generatorID>E1F20B8E-7B46-7692-30DF-164C7B76B2AC</generatorID>
<ownerDesignName>Exp2_S5_Sebastian_Cardenas</ownerDesignName>
<useDomainConstraints>false</useDomainConstraints>
<use>1</use>
<logicalDatatype>LOGDT019</logicalDatatype>
<dataTypePrecision>15</dataTypePrecision>
<ownDataTypeParameters>,15,</ownDataTypeParameters>
<autoIncrementCycle>false</autoIncrementCycle>
</Column>
<Column name="rut_paciente" id="FFE4B2F9-E36B-9406-66F8-CBAB755350C9">
<createdBy>NVITSVBESSS</createdBy>
<createdTime>2025-09-16 00:13:54 UTC</createdTime>
<generatorID>8712312E-6568-1366-25EF-3371AE71E60D</generatorID>
<ownerDesignName>Exp2_S5_Sebastian_Cardenas</ownerDesignName>
<useDomainConstraints>false</useDomainConstraints>
<use>1</use>
<logicalDatatype>LOGDT024</logicalDatatype>
<dataTypeSize>100</dataTypeSize>
<ownDataTypeParameters>100,,</ownDataTypeParameters>
<autoIncrementCycle>false</autoIncrementCycle>
</Column>
<Column name="nombre_paciente" id="3C07AC67-F47B-6A5D-7AEC-72E43EE4F091">
<createdBy>NVITSVBESSS</createdBy>
<createdTime>2025-09-16 00:13:54 UTC</createdTime>
<generatorID>91DB98C5-3FA1-675A-5C8F-06264E608415</generatorID>
<ownerDesignName>Exp2_S5_Sebastian_Cardenas</ownerDesignName>
<useDomainConstraints>false</useDomainConstraints>
<use>1</use>
<logicalDatatype>LOGDT024</logicalDatatype>
<dataTypeSize>100</dataTypeSize>
<ownDataTypeParameters>100,,</ownDataTypeParameters>
<autoIncrementCycle>false</autoIncrementCycle>
</Column>
<Column name="edad_paciente" id="1C78F13A-7CC2-C832-C946-B1E9CB2C60B3">
<createdBy>NVITSVBESSS</createdBy>
<createdTime>2025-09-16 00:13:54 UTC</createdTime>
<generatorID>395B8C1E-7391-894F-EFF5-997A90DD3C2E</generatorID>
<ownerDesignName>Exp2_S5_Sebastian_Cardenas</ownerDesignName>
<useDomainConstraints>false</useDomainConstraints>
<use>1</use>
<logicalDatatype>LOGDT019</logicalDatatype>
<dataTypePrecision>2</dataTypePrecision>
<ownDataTypeParameters>,2,</ownDataTypeParameters>
<autoIncrementCycle>false</autoIncrementCycle>
</Column>
<Column name="direccion_paciente" id="F84BE36D-8F48-9491-CC00-A9CEC6622C85">
<createdBy>NVITSVBESSS</createdBy>
<createdTime>2025-09-16 00:13:54 UTC</createdTime>
<generatorID>1680DBF5-B0B0-BC1B-CE4E-3906C93BB1B5</generatorID>
<ownerDesignName>Exp2_S5_Sebastian_Cardenas</ownerDesignName>
<useDomainConstraints>false</useDomainConstraints>
<use>1</use>
<logicalDatatype>LOGDT024</logicalDatatype>
<dataTypeSize>50 CHAR</dataTypeSize>
<ownDataTypeParameters>50 CHAR,,</ownDataTypeParameters>
<autoIncrementCycle>false</autoIncrementCycle>
</Column>
<Column name="comuna_paciente" id="55C86F2B-A7D1-9FC3-326F-C636A5D01A6B">
<createdBy>NVITSVBESSS</createdBy>
<createdTime>2025-09-16 00:13:54 UTC</createdTime>
<generatorID>82B52730-EAD9-2D22-7792-B2AE959A0B7E</generatorID>
<ownerDesignName>Exp2_S5_Sebastian_Cardenas</ownerDesignName>
<useDomainConstraints>false</useDomainConstraints>
<use>1</use>
<logicalDatatype>LOGDT024</logicalDatatype>
<dataTypeSize>50 CHAR</dataTypeSize>
<ownDataTypeParameters>50 CHAR,,</ownDataTypeParameters>
<autoIncrementCycle>false</autoIncrementCycle>
</Column>
<Column name="rut_empleado" id="6EF6D88A-828D-AC8F-A264-330D86FB5F58">
<createdBy>NVITSVBESSS</createdBy>
<createdTime>2025-09-16 00:13:54 UTC</createdTime>
<generatorID>C04E5B25-B65B-FC5C-895E-7E163E0DABE0</generatorID>
<ownerDesignName>Exp2_S5_Sebastian_Cardenas</ownerDesignName>
<useDomainConstraints>false</useDomainConstraints>
<use>1</use>
<logicalDatatype>LOGDT024</logicalDatatype>
<dataTypeSize>20 CHAR</dataTypeSize>
<ownDataTypeParameters>20 CHAR,,</ownDataTypeParameters>
<autoIncrementCycle>false</autoIncrementCycle>
</Column>
<Column name="nombre_empleado" id="1B042FD9-FE56-730D-D0F9-696E5F3A3874">
<createdBy>NVITSVBESSS</createdBy>
<createdTime>2025-09-16 00:13:54 UTC</createdTime>
<generatorID>E0FD36AF-8044-D3E1-3399-D130E686B036</generatorID>
<ownerDesignName>Exp2_S5_Sebastian_Cardenas</ownerDesignName>
<useDomainConstraints>false</useDomainConstraints>
<use>1</use>
<logicalDatatype>LOGDT024</logicalDatatype>
<dataTypeSize>50 CHAR</dataTypeSize>
<ownDataTypeParameters>50 CHAR,,</ownDataTypeParameters>
<autoIncrementCycle>false</autoIncrementCycle>
</Column>
<Column name="especialidad" id="9A4DBA6B-78D2-9CC7-D44F-15E94E40F174">
<createdBy>NVITSVBESSS</createdBy>
<createdTime>2025-09-16 00:13:54 UTC</createdTime>
<generatorID>9755F7B8-EC86-9ED6-7DEA-8FE5A5DA44F9</generatorID>
<ownerDesignName>Exp2_S5_Sebastian_Cardenas</ownerDesignName>
<useDomainConstraints>false</useDomainConstraints>
<use>1</use>
<logicalDatatype>LOGDT024</logicalDatatype>
<dataTypeSize>100 CHAR</dataTypeSize>
<ownDataTypeParameters>100 CHAR,,</ownDataTypeParameters>
<autoIncrementCycle>false</autoIncrementCycle>
</Column>
<Column name="monto_pagado" id="261FEB12-1BD1-CED1-D5CA-A1BB116321EC">
<createdBy>NVITSVBESSS</createdBy>
<createdTime>2025-09-16 00:13:54 UTC</createdTime>
<generatorID>50DB271E-4611-CE60-4FF3-DBEB91BA99CB</generatorID>
<ownerDesignName>Exp2_S5_Sebastian_Cardenas</ownerDesignName>
<useDomainConstraints>false</useDomainConstraints>
<use>1</use>
<logicalDatatype>LOGDT019</logicalDatatype>
<dataTypePrecision>38</dataTypePrecision>
<ownDataTypeParameters>,38,</ownDataTypeParameters>
<autoIncrementCycle>false</autoIncrementCycle>
</Column>
<Column name="metodo_pago" id="2D5A94ED-D199-B97C-F51C-6B3B0DCED459">
<createdBy>NVITSVBESSS</createdBy>
<createdTime>2025-09-16 00:13:54 UTC</createdTime>
<generatorID>922A1B5B-D118-B2D2-95BE-0FC01988B824</generatorID>
<ownerDesignName>Exp2_S5_Sebastian_Cardenas</ownerDesignName>
<useDomainConstraints>false</useDomainConstraints>
<use>1</use>
<logicalDatatype>LOGDT024</logicalDatatype>
<dataTypeSize>1000</dataTypeSize>
<ownDataTypeParameters>1000,,</ownDataTypeParameters>
<autoIncrementCycle>false</autoIncrementCycle>
</Column>
<Column name="PACIENTE_id_paciente" id="0B0616EB-AC92-9B31-7692-FC6B7F991132">
<createdBy>NVITSVBESSS</createdBy>
<createdTime>2025-09-16 00:13:54 UTC</createdTime>
<generatorID>813E47E0-4005-22DC-604E-7230FB0633E9</generatorID>
<ownerDesignName>Exp2_S5_Sebastian_Cardenas</ownerDesignName>
<useDomainConstraints>false</useDomainConstraints>
<use>1</use>
<logicalDatatype>LOGDT019</logicalDatatype>
<dataTypePrecision>50</dataTypePrecision>
<ownDataTypeParameters>,50,</ownDataTypeParameters>
<previousColumn>false</previousColumn>
<autoIncrementCycle>false</autoIncrementCycle>
<associations>
<colAssociation fkAssociation="0DC237E9-4912-BEC2-26FD-B4727B0991DC" referredColumn="EA5F537D-936E-BC7A-5D41-F4937CEF159E"/>
</associations>
</Column>
<Column name="MEDICO_id_medico" id="F392E425-7DFA-C0C5-D739-463734F70E04">
<createdBy>NVITSVBESSS</createdBy>
<createdTime>2025-09-16 00:13:54 UTC</createdTime>
<generatorID>156F5CFD-8A3F-EC05-82EF-B079D2FBA439</generatorID>
<ownerDesignName>Exp2_S5_Sebastian_Cardenas</ownerDesignName>
<useDomainConstraints>false</useDomainConstraints>
<use>1</use>
<logicalDatatype>LOGDT019</logicalDatatype>
<dataTypePrecision>50</dataTypePrecision>
<ownDataTypeParameters>,50,</ownDataTypeParameters>
<previousColumn>false</previousColumn>
<autoIncrementCycle>false</autoIncrementCycle>
<associations>
<colAssociation fkAssociation="A10B7116-C850-3D0B-3A67-0C4BB15830AE" referredColumn="E7A5ADF2-3457-6086-B328-AB9DEA61A555"/>
</associations>
</Column>
<Column name="EMPLEADO_id_empleado" id="9A567C3F-0683-9831-0E47-C662A2C140FC">
<createdBy>NVITSVBESSS</createdBy>
<createdTime>2025-09-16 00:33:04 UTC</createdTime>
<generatorID>04BCF3D9-C85E-5DA5-68AC-5B00E829DF74</generatorID>
<ownerDesignName>Exp2_S5_Sebastian_Cardenas</ownerDesignName>
<useDomainConstraints>false</useDomainConstraints>
<use>1</use>
<logicalDatatype>LOGDT019</logicalDatatype>
<dataTypePrecision>50</dataTypePrecision>
<ownDataTypeParameters>,50,</ownDataTypeParameters>
<previousColumn>false</previousColumn>
<autoIncrementCycle>false</autoIncrementCycle>
<associations>
<colAssociation fkAssociation="CD8FB5F2-9C53-8366-F381-52B7C266626E" referredColumn="24102620-436B-6A85-65DF-B78680342BEE"/>
</associations>
</Column>
<Column name="id_paciente" id="0A794B42-54E6-9FB3-CC21-4278EDA30AE0">
<createdBy>NVITSVBESSS</createdBy>
<createdTime>2025-09-16 00:42:20 UTC</createdTime>
<generatorID>E7B223AD-C78F-8B87-3D23-8D85165C74EE</generatorID>
<ownerDesignName>Exp2_S5_Sebastian_Cardenas</ownerDesignName>
<useDomainConstraints>false</useDomainConstraints>
<use>1</use>
<logicalDatatype>LOGDT019</logicalDatatype>
<ownDataTypeParameters>,,</ownDataTypeParameters>
<previousColumn>false</previousColumn>
<autoIncrementCycle>false</autoIncrementCycle>
</Column>
<Column name="id_medico" id="4237174C-5126-AF2B-C9C6-800388219240">
<createdBy>NVITSVBESSS</createdBy>
<createdTime>2025-09-16 00:51:35 UTC</createdTime>
<generatorID>8654D847-72E0-77CB-F512-B90868B84C85</generatorID>
<ownerDesignName>Exp2_S5_Sebastian_Cardenas</ownerDesignName>
<useDomainConstraints>false</useDomainConstraints>
<use>1</use>
<logicalDatatype>LOGDT019</logicalDatatype>
<ownDataTypeParameters>,,</ownDataTypeParameters>
<previousColumn>false</previousColumn>
<autoIncrementCycle>false</autoIncrementCycle>
</Column>
</columns>
<indexes itemClass="oracle.dbtools.crest.model.design.relational.Index">
<ind_PK_UK id="58DB1B13-9156-D27B-CDEF-042E6C7D9D8D" name="ATENCION_MEDICA_PK">
<createdBy>NVITSVBESSS</createdBy>
<createdTime>2025-09-16 00:13:54 UTC</createdTime>
<generatorID>69DE03D5-3B0A-1AB9-05E0-88620DC2FD5E</generatorID>
<ownerDesignName>Exp2_S5_Sebastian_Cardenas</ownerDesignName>
<pk>true</pk>
<indexState>Primary Constraint</indexState>
<isSurrogateKey>false</isSurrogateKey>
<indexColumnUsage>
<colUsage columnID="0BB3DAD2-EE4C-8B61-08BA-C396716683D8"/>
</indexColumnUsage>
</ind_PK_UK>
<ind_PK_UK id="9E10768F-5EEE-C501-EF74-90D4E0453216" name="ATENCION_MEDICA_MEDICO_FK">
<createdBy>NVITSVBESSS</createdBy>
<createdTime>2025-09-16 00:13:54 UTC</createdTime>
<generatorID>39E06BC5-4AA3-4FD1-BA1D-8E9F2CF648B8</generatorID>
<ownerDesignName>Exp2_S5_Sebastian_Cardenas</ownerDesignName>
<indexState>Foreign Key</indexState>
<isSurrogateKey>false</isSurrogateKey>
<indexColumnUsage>
<colUsage columnID="F392E425-7DFA-C0C5-D739-463734F70E04"/>
</indexColumnUsage>
</ind_PK_UK>
<ind_PK_UK id="78843155-2673-173D-7444-E718D7F1D206" name="ATENCION_MEDICA_PACIENTE_FK">
<createdBy>NVITSVBESSS</createdBy>
<createdTime>2025-09-16 00:13:54 UTC</createdTime>
<generatorID>385A1B9B-146D-0A19-54D9-8B70E7875AA9</generatorID>
<ownerDesignName>Exp2_S5_Sebastian_Cardenas</ownerDesignName>
<indexState>Foreign Key</indexState>
<isSurrogateKey>false</isSurrogateKey>
<indexColumnUsage>
<colUsage columnID="0B0616EB-AC92-9B31-7692-FC6B7F991132"/>
</indexColumnUsage>
</ind_PK_UK>
<ind_PK_UK id="DD30D4C5-22A2-45F3-5A01-30E37043BB63" name="ATENCION_MEDICA_EMPLEADO_FK">
<createdBy>NVITSVBESSS</createdBy>
<createdTime>2025-09-16 00:33:04 UTC</createdTime>
<generatorID>2EB340BE-33AE-2AE7-01B8-2178B0189813</generatorID>
<ownerDesignName>Exp2_S5_Sebastian_Cardenas</ownerDesignName>
<indexState>Foreign Key</indexState>
<isSurrogateKey>false</isSurrogateKey>
<indexColumnUsage>
<colUsage columnID="9A567C3F-0683-9831-0E47-C662A2C140FC"/>
</indexColumnUsage>
</ind_PK_UK>
</indexes>
</Table>