<?xml version = '1.0' encoding = 'UTF-8'?>
<Table class="oracle.dbtools.crest.model.design.relational.Table" directorySegmentName="seg_0" id="B9990FDF-DD83-4633-14B9-17A3F6D495A9" name="MEDICO">
<createdBy>NVITSVBESSS</createdBy>
<createdTime>2025-09-16 00:13:54 UTC</createdTime>
<generatorID>D4E54448-1AF0-42C7-D39A-51EE1D62D50F</generatorID>
<ownerDesignName>Exp2_S5_Sebastian_Cardenas</ownerDesignName>
<allowColumnReorder>false</allowColumnReorder>
<existDependencyGenerateInDDl>true</existDependencyGenerateInDDl>
<parsed>true</parsed>
<columns itemClass="oracle.dbtools.crest.model.design.relational.Column">
<Column name="id_medico" id="E7A5ADF2-3457-6086-B328-AB9DEA61A555">
<createdBy>NVITSVBESSS</createdBy>
<createdTime>2025-09-16 00:13:54 UTC</createdTime>
<generatorID>C5662739-A9B2-7B9F-EBAA-C6AD7A7A191F</generatorID>
<ownerDesignName>Exp2_S5_Sebastian_Cardenas</ownerDesignName>
<useDomainConstraints>false</useDomainConstraints>
<use>1</use>
<logicalDatatype>LOGDT019</logicalDatatype>
<dataTypePrecision>50</dataTypePrecision>
<ownDataTypeParameters>,50,</ownDataTypeParameters>
<autoIncrementCycle>false</autoIncrementCycle>
</Column>
<Column name="rut_medico" id="DCA83827-1057-A1DC-31BF-87939882BC16">
<createdBy>NVITSVBESSS</createdBy>
<createdTime>2025-09-16 00:13:54 UTC</createdTime>
<generatorID>1A675D4E-5268-BC22-AADB-4A03EDCE5E89</generatorID>
<ownerDesignName>Exp2_S5_Sebastian_Cardenas</ownerDesignName>
<useDomainConstraints>false</useDomainConstraints>
<use>1</use>
<logicalDatatype>LOGDT024</logicalDatatype>
<dataTypeSize>12 CHAR</dataTypeSize>
<ownDataTypeParameters>12 CHAR,,</ownDataTypeParameters>
<autoIncrementCycle>false</autoIncrementCycle>
</Column>
<Column name="nombre_medico" id="73BEAD36-6CCD-F789-06D1-30EB76681358">
<createdBy>NVITSVBESSS</createdBy>
<createdTime>2025-09-16 00:13:54 UTC</createdTime>
<generatorID>548F2898-529B-22B1-89EA-B7CFBD207027</generatorID>
<ownerDesignName>Exp2_S5_Sebastian_Cardenas</ownerDesignName>
<useDomainConstraints>false</useDomainConstraints>
<use>1</use>
<logicalDatatype>LOGDT024</logicalDatatype>
<dataTypeSize>100 CHAR</dataTypeSize>
<ownDataTypeParameters>100 CHAR,,</ownDataTypeParameters>
<autoIncrementCycle>false</autoIncrementCycle>
</Column>
<Column name="fecha_ingreso" id="C109D357-64C0-9D98-AF67-BC7B77604904">
<createdBy>NVITSVBESSS</createdBy>
<createdTime>2025-09-16 00:13:54 UTC</createdTime>
<generatorID>EED5EB07-495A-DF0E-89F5-5EDFDD8AC0D9</generatorID>
<ownerDesignName>Exp2_S5_Sebastian_Cardenas</ownerDesignName>
<useDomainConstraints>false</useDomainConstraints>
<use>1</use>
<logicalDatatype>LOGDT024</logicalDatatype>
<dataTypeSize>1000 CHAR</dataTypeSize>
<ownDataTypeParameters>1000 CHAR,,</ownDataTypeParameters>
<autoIncrementCycle>false</autoIncrementCycle>
</Column>
<Column name="especialidad" id="4F3BE90B-3A28-A8DB-03EB-5C4CB400E0B3">
<createdBy>NVITSVBESSS</createdBy>
<createdTime>2025-09-16 00:13:54 UTC</createdTime>
<generatorID>109D428B-F826-D6BA-62AB-D1683DB1D5F4</generatorID>
<ownerDesignName>Exp2_S5_Sebastian_Cardenas</ownerDesignName>
<useDomainConstraints>false</useDomainConstraints>
<use>1</use>
<logicalDatatype>LOGDT024</logicalDatatype>
<dataTypeSize>1000</dataTypeSize>
<ownDataTypeParameters>1000,,</ownDataTypeParameters>
<autoIncrementCycle>false</autoIncrementCycle>
</Column>
<Column name="afp" id="4C3B5DCB-99B3-B6BE-E5D7-1D96690347F8">
<createdBy>NVITSVBESSS</createdBy>
<createdTime>2025-09-16 00:13:54 UTC</createdTime>
<generatorID>629B6E1A-5AE2-5177-D558-12BE07751422</generatorID>
<ownerDesignName>Exp2_S5_Sebastian_Cardenas</ownerDesignName>
<useDomainConstraints>false</useDomainConstraints>
<use>1</use>
<logicalDatatype>LOGDT024</logicalDatatype>
<dataTypeSize>100 CHAR</dataTypeSize>
<ownDataTypeParameters>100 CHAR,,</ownDataTypeParameters>
<autoIncrementCycle>false</autoIncrementCycle>
</Column>
<Column name="salud" id="2029C06C-71CA-EC9B-4A70-F1819E3BB2B8">
<createdBy>NVITSVBESSS</createdBy>
<createdTime>2025-09-16 00:13:54 UTC</createdTime>
<generatorID>F7804ECA-1EAC-A8E4-E3F3-F383692FEE33</generatorID>
<ownerDesignName>Exp2_S5_Sebastian_Cardenas</ownerDesignName>
<useDomainConstraints>false</useDomainConstraints>
<use>1</use>
<logicalDatatype>LOGDT024</logicalDatatype>
<dataTypeSize>100 CHAR</dataTypeSize>
<ownDataTypeParameters>100 CHAR,,</ownDataTypeParameters>
<autoIncrementCycle>false</autoIncrementCycle>
</Column>
</columns>
<indexes itemClass="oracle.dbtools.crest.model.design.relational.Index">
<ind_PK_UK id="428FED51-07D9-D867-FD66-DA867BF83FE0" name="MEDICO_PK">
<createdBy>NVITSVBESSS</createdBy>
<createdTime>2025-09-16 00:13:54 UTC</createdTime>
<generatorID>AADBC8E7-56C0-A699-E3E2-7CC4E2C43F64</generatorID>
<ownerDesignName>Exp2_S5_Sebastian_Cardenas</ownerDesignName>
<pk>true</pk>
<indexState>Primary Constraint</indexState>
<isSurrogateKey>false</isSurrogateKey>
<indexColumnUsage>
<colUsage columnID="E7A5ADF2-3457-6086-B328-AB9DEA61A555"/>
</indexColumnUsage>
</ind_PK_UK>
</indexes>
</Table>