<?xml version = '1.0' encoding = 'UTF-8'?>
<Table class="oracle.dbtools.crest.model.design.relational.Table" directorySegmentName="seg_0" id="C65B28B5-F9ED-31A5-EA4A-A6F11E393470" name="ESPECIALIDAD">
<createdBy>NVITSVBESSS</createdBy>
<createdTime>2025-09-16 00:13:54 UTC</createdTime>
<generatorID>75FA9048-72B3-2C8F-15EE-20E728F3984D</generatorID>
<ownerDesignName>Exp2_S5_Sebastian_Cardenas</ownerDesignName>
<allowColumnReorder>false</allowColumnReorder>
<existDependencyGenerateInDDl>true</existDependencyGenerateInDDl>
<parsed>true</parsed>
<columns itemClass="oracle.dbtools.crest.model.design.relational.Column">
<Column name="id_esp" id="636E5625-880D-458E-7579-F49E9B82AC0B">
<createdBy>NVITSVBESSS</createdBy>
<createdTime>2025-09-16 00:13:54 UTC</createdTime>
<generatorID>CBF665C9-0B1F-A438-463C-7E2FDEBE342C</generatorID>
<ownerDesignName>Exp2_S5_Sebastian_Cardenas</ownerDesignName>
<useDomainConstraints>false</useDomainConstraints>
<use>1</use>
<logicalDatatype>LOGDT024</logicalDatatype>
<dataTypeSize>100 CHAR</dataTypeSize>
<ownDataTypeParameters>100 CHAR,,</ownDataTypeParameters>
<autoIncrementCycle>false</autoIncrementCycle>
</Column>
<Column name="rut_medico" id="14C6224F-04E2-9C69-DCEC-5DDE14B98105">
<createdBy>NVITSVBESSS</createdBy>
<createdTime>2025-09-16 00:13:54 UTC</createdTime>
<generatorID>16004A4D-39D4-433F-211D-B433ED122F5E</generatorID>
<ownerDesignName>Exp2_S5_Sebastian_Cardenas</ownerDesignName>
<useDomainConstraints>false</useDomainConstraints>
<use>1</use>
<logicalDatatype>LOGDT024</logicalDatatype>
<dataTypeSize>12 CHAR</dataTypeSize>
<ownDataTypeParameters>12 CHAR,,</ownDataTypeParameters>
<autoIncrementCycle>false</autoIncrementCycle>
</Column>
<Column name="nombre_medico" id="3165C03B-F0E3-A566-6205-9B6D54A9AA83">
<createdBy>NVITSVBESSS</createdBy>
<createdTime>2025-09-16 00:13:54 UTC</createdTime>
<generatorID>C3E1879C-CF2E-6C32-F768-97CF09A7584A</generatorID>
<ownerDesignName>Exp2_S5_Sebastian_Cardenas</ownerDesignName>
<useDomainConstraints>false</useDomainConstraints>
<use>1</use>
<logicalDatatype>LOGDT024</logicalDatatype>
<dataTypeSize>100 CHAR</dataTypeSize>
<ownDataTypeParameters>100 CHAR,,</ownDataTypeParameters>
<autoIncrementCycle>false</autoIncrementCycle>
</Column>
<Column name="nombre_especialdiad" id="B3EF24B2-F2FF-F2E4-D825-3EFD9729A118">
<createdBy>NVITSVBESSS</createdBy>
<createdTime>2025-09-16 00:13:54 UTC</createdTime>
<generatorID>63DA9A1B-6C7A-31D1-5125-7196B01ACE45</generatorID>
<ownerDesignName>Exp2_S5_Sebastian_Cardenas</ownerDesignName>
<useDomainConstraints>false</useDomainConstraints>
<use>1</use>
<logicalDatatype>LOGDT024</logicalDatatype>
<dataTypeSize>100 CHAR</dataTypeSize>
<ownDataTypeParameters>100 CHAR,,</ownDataTypeParameters>
<autoIncrementCycle>false</autoIncrementCycle>
</Column>
</columns>
<indexes itemClass="oracle.dbtools.crest.model.design.relational.Index">
<ind_PK_UK id="F4BC61FF-DAEA-D392-894A-01A1C1610877" name="ESPECIALIDAD_PK">
<createdBy>NVITSVBESSS</createdBy>
<createdTime>2025-09-16 00:13:54 UTC</createdTime>
<generatorID>444F5AB9-2608-B36B-9416-412E7D39E09A</generatorID>
<ownerDesignName>Exp2_S5_Sebastian_Cardenas</ownerDesignName>
<pk>true</pk>
<indexState>Primary Constraint</indexState>
<isSurrogateKey>false</isSurrogateKey>
<indexColumnUsage>
<colUsage columnID="636E5625-880D-458E-7579-F49E9B82AC0B"/>
</indexColumnUsage>
</ind_PK_UK>
</indexes>
</Table>