<?xml version = '1.0' encoding = 'UTF-8'?>
<Table class="oracle.dbtools.crest.model.design.relational.Table" directorySegmentName="seg_0" id="D12184B3-8DFE-5373-C516-917E0212D388" name="EMPLEADO">
<createdBy>NVITSVBESSS</createdBy>
<createdTime>2025-09-16 00:33:04 UTC</createdTime>
<generatorID>79A897A4-B47A-5479-1493-925D1A4867D3</generatorID>
<ownerDesignName>Exp2_S5_Sebastian_Cardenas</ownerDesignName>
<allowColumnReorder>false</allowColumnReorder>
<existDependencyGenerateInDDl>true</existDependencyGenerateInDDl>
<parsed>true</parsed>
<columns itemClass="oracle.dbtools.crest.model.design.relational.Column">
<Column name="id_empleado" id="24102620-436B-6A85-65DF-B78680342BEE">
<createdBy>NVITSVBESSS</createdBy>
<createdTime>2025-09-16 00:33:04 UTC</createdTime>
<generatorID>489CFE3D-D21A-5149-3FBC-BFC6BBFC2B29</generatorID>
<ownerDesignName>Exp2_S5_Sebastian_Cardenas</ownerDesignName>
<useDomainConstraints>false</useDomainConstraints>
<use>1</use>
<logicalDatatype>LOGDT019</logicalDatatype>
<dataTypePrecision>50</dataTypePrecision>
<ownDataTypeParameters>,50,</ownDataTypeParameters>
<autoIncrementCycle>false</autoIncrementCycle>
</Column>
<Column name="rut_empleado" id="F7B2C954-A95A-47F3-9221-A7473A8A0EA7">
<createdBy>NVITSVBESSS</createdBy>
<createdTime>2025-09-16 00:33:04 UTC</createdTime>
<generatorID>DA1E4468-BA68-0094-F7F6-758A9090DA60</generatorID>
<ownerDesignName>Exp2_S5_Sebastian_Cardenas</ownerDesignName>
<useDomainConstraints>false</useDomainConstraints>
<use>1</use>
<logicalDatatype>LOGDT019</logicalDatatype>
<dataTypePrecision>20</dataTypePrecision>
<ownDataTypeParameters>,20,</ownDataTypeParameters>
<autoIncrementCycle>false</autoIncrementCycle>
</Column>
<Column name="nombre_empleado" id="13E61B07-7022-566F-E55A-B65AAFD657C5">
<createdBy>NVITSVBESSS</createdBy>
<createdTime>2025-09-16 00:33:04 UTC</createdTime>
<generatorID>D928711E-EB5C-7DB0-A0FD-738F7DBDF712</generatorID>
<ownerDesignName>Exp2_S5_Sebastian_Cardenas</ownerDesignName>
<useDomainConstraints>false</useDomainConstraints>
<use>1</use>
<logicalDatatype>LOGDT024</logicalDatatype>
<dataTypeSize>100 CHAR</dataTypeSize>
<ownDataTypeParameters>100 CHAR,,</ownDataTypeParameters>
<autoIncrementCycle>false</autoIncrementCycle>
</Column>
</columns>
<indexes itemClass="oracle.dbtools.crest.model.design.relational.Index">
<ind_PK_UK id="CE5F0308-1657-3ECF-73E5-1C67507D7C82" name="EMPLEADO_PK">
<createdBy>NVITSVBESSS</createdBy>
<createdTime>2025-09-16 00:33:04 UTC</createdTime>
<generatorID>E6A7DD9A-0F72-935A-9D3B-1BF791CA5BBC</generatorID>
<ownerDesignName>Exp2_S5_Sebastian_Cardenas</ownerDesignName>
<pk>true</pk>
<indexState>Primary Constraint</indexState>
<isSurrogateKey>false</isSurrogateKey>
<indexColumnUsage>
<colUsage columnID="24102620-436B-6A85-65DF-B78680342BEE"/>
</indexColumnUsage>
</ind_PK_UK>
</indexes>
</Table>