<?xml version = '1.0' encoding = 'UTF-8'?>
<Diagram class="oracle.dbtools.crest.swingui.logical.DPVLogical" name="Logical" id="A27CE306-50B2-757D-05D9-B53AC96D450D">
<createdBy>scardenas</createdBy>
<modifiedBy>scardenas</modifiedBy>
<createdTime>2025-09-01 14:24:07 UTC</createdTime>
<autoRoute>false</autoRoute>
<boxInbox>true</boxInbox>
<showLegend>false</showLegend>
<showLabels>false</showLabels>
<showRelAttributes>false</showRelAttributes>
<gridEnabled>false</gridEnabled>
<showGrid>false</showGrid>
<diagramColor>-1</diagramColor>
<display>false</display>
<notation>1</notation>
<objectViews>
<OView class="oracle.dbtools.crest.swingui.logical.TVEntity" oid="2ACE924C-D9E5-9155-DE2B-D04ABF74029A" otype="Entity" vid="7A155D53-FB53-06C2-1E81-4E768CB1A8F3">
<hideElementsInCurrentOnly>false</hideElementsInCurrentOnly>
<bounds x="150" y="308" width="121" height="81"/>
</OView>
<OView class="oracle.dbtools.crest.swingui.logical.TVEntity" oid="5D9A7C43-726B-03E7-B022-1667FF787ABC" otype="Entity" vid="5D55E62A-BE6C-9228-7C21-5C2E9FC8DDF8">
<hideElementsInCurrentOnly>false</hideElementsInCurrentOnly>
<bounds x="884" y="137" width="119" height="79"/>
</OView>
<OView class="oracle.dbtools.crest.swingui.logical.TVEntity" oid="612A4F0D-6EDD-C885-EA79-0AF7B38117EA" otype="Entity" vid="72DFCCA5-76DB-3C1E-3C40-322E0089A639">
<hideElementsInCurrentOnly>false</hideElementsInCurrentOnly>
<bounds x="732" y="139" width="151" height="77"/>
</OView>
<OView class="oracle.dbtools.crest.swingui.logical.TVEntity" oid="6ACD07B8-C797-EDF3-DF09-F746B795FE72" otype="Entity" vid="BB66E734-98DA-BA0A-E033-3AB51F6DF3C0">
<hideElementsInCurrentOnly>false</hideElementsInCurrentOnly>
<bounds x="466" y="20" width="220" height="152"/>
</OView>
<OView class="oracle.dbtools.crest.swingui.logical.TVEntity" oid="703D5512-E530-1AF5-D168-285892660C4A" otype="Entity" vid="73FA2F94-AFDB-E627-0CCB-5F1138BBB71F">
<hideElementsInCurrentOnly>false</hideElementsInCurrentOnly>
<bounds x="744" y="283" width="259" height="183"/>
</OView>
<OView class="oracle.dbtools.crest.swingui.logical.TVEntity" oid="73B6A761-B855-6966-B44A-85A31BDCE376" otype="Entity" vid="64AAF5CD-9FE2-A40F-0FC4-542F9F110089">
<hideElementsInCurrentOnly>false</hideElementsInCurrentOnly>
<bounds x="16" y="176" width="265" height="223"/>
</OView>
<OView class="oracle.dbtools.crest.swingui.logical.TVEntity" oid="7CE4D660-AEF3-5912-0221-4C9F851B6AF7" otype="Entity" vid="A5C3D502-8451-FAB6-9B2F-DE51824F2833">
<hideElementsInCurrentOnly>false</hideElementsInCurrentOnly>
<bounds x="727" y="18" width="286" height="208"/>
</OView>
<OView class="oracle.dbtools.crest.swingui.logical.TVEntity" oid="869F7B87-FD29-3485-FBB4-7540F0D42C79" otype="Entity" vid="48EDA7BF-AE45-8843-91CB-262FB4326066">
<hideElementsInCurrentOnly>false</hideElementsInCurrentOnly>
<bounds x="22" y="299" width="114" height="90"/>
</OView>
<OView class="oracle.dbtools.crest.swingui.logical.TVEntity" oid="8F1A4F71-583E-D2A2-7C0F-B2C5AB1B6A0F" otype="Entity" vid="AF1E7004-5029-1DA5-95EB-2624E1BFBB73">
<hideElementsInCurrentOnly>false</hideElementsInCurrentOnly>
<bounds x="252" y="21" width="188" height="127"/>
</OView>
<OView class="oracle.dbtools.crest.swingui.logical.TVEntity" oid="95D43905-211C-AB32-2B4A-621F6D83C78B" otype="Entity" vid="EA776337-B341-985E-7135-3960A1D9E7A0">
<hideElementsInCurrentOnly>false</hideElementsInCurrentOnly>
<bounds x="297" y="224" width="170" height="119"/>
</OView>
<OView class="oracle.dbtools.crest.swingui.logical.TVEntity" oid="CE2E5993-ABBF-1E78-7AE8-A01ECC445E00" otype="Entity" vid="6EBCCB82-52DD-A5B3-C146-7BC7013271E1">
<hideElementsInCurrentOnly>false</hideElementsInCurrentOnly>
<bounds x="485" y="214" width="216" height="157"/>
</OView>
<OView class="oracle.dbtools.crest.swingui.logical.TVEntity" oid="D4CE9B32-8C17-16E5-F84A-CFE08450C28E" otype="Entity" vid="E5D83158-6DDF-9EC5-75B2-2D2246DB1C05">
<hideElementsInCurrentOnly>false</hideElementsInCurrentOnly>
<bounds x="18" y="19" width="188" height="111"/>
</OView>
</objectViews>
<connectors>
<Connector class="oracle.dbtools.crest.swingui.logical.TVInheritanceRelation" oid="1CCCF6BA-3B1B-F76F-E55A-EE8E66E65C35" otype="Hierarchy relation" vid_source="A5C3D502-8451-FAB6-9B2F-DE51824F2833" vid_target="5D55E62A-BE6C-9228-7C21-5C2E9FC8DDF8">
<hideElementsInCurrentOnly>false</hideElementsInCurrentOnly>
<backgroundColor>-65536</backgroundColor>
<lineWidth>1</lineWidth>
</Connector>
<Connector class="oracle.dbtools.crest.swingui.logical.TVRelation" oid="3AD7143A-63D1-4DB8-AB84-B6C4FFDC69A9" otype="Relation" vid_source="A5C3D502-8451-FAB6-9B2F-DE51824F2833" vid_target="73FA2F94-AFDB-E627-0CCB-5F1138BBB71F">
<hideElementsInCurrentOnly>false</hideElementsInCurrentOnly>
<backgroundColor>-16777216</backgroundColor>
<lineWidth>1</lineWidth>
<points>
<point x="873" y="226"/>
<point x="873" y="283"/>
</points>
</Connector>
<Connector class="oracle.dbtools.crest.swingui.logical.TVRelation" oid="459EFE01-1982-06C7-95CA-E32F925FFA8C" otype="Relation" vid_source="6EBCCB82-52DD-A5B3-C146-7BC7013271E1" vid_target="73FA2F94-AFDB-E627-0CCB-5F1138BBB71F">
<hideElementsInCurrentOnly>false</hideElementsInCurrentOnly>
<backgroundColor>-16777216</backgroundColor>
<lineWidth>1</lineWidth>
<points>
<point x="701" y="327"/>
<point x="744" y="327"/>
</points>
</Connector>
<Connector class="oracle.dbtools.crest.swingui.logical.TVRelation" oid="50D75DB1-A611-4C1B-8812-2FB2447B419D" otype="Relation" vid_source="EA776337-B341-985E-7135-3960A1D9E7A0" vid_target="6EBCCB82-52DD-A5B3-C146-7BC7013271E1">
<hideElementsInCurrentOnly>false</hideElementsInCurrentOnly>
<backgroundColor>-16777216</backgroundColor>
<lineWidth>1</lineWidth>
<points>
<point x="467" y="283"/>
<point x="485" y="283"/>
</points>
</Connector>
<Connector class="oracle.dbtools.crest.swingui.logical.TVRelation" oid="52DE9F7A-1D8A-DB1D-B394-FFA1D7402364" otype="Relation" vid_source="E5D83158-6DDF-9EC5-75B2-2D2246DB1C05" vid_target="AF1E7004-5029-1DA5-95EB-2624E1BFBB73">
<hideElementsInCurrentOnly>false</hideElementsInCurrentOnly>
<backgroundColor>-16777216</backgroundColor>
<lineWidth>1</lineWidth>
<points>
<point x="206" y="75"/>
<point x="252" y="75"/>
</points>
</Connector>
<Connector class="oracle.dbtools.crest.swingui.logical.TVInheritanceRelation" oid="668C3E4B-F765-D8A5-DE60-659C42ECAA91" otype="Hierarchy relation" vid_source="64AAF5CD-9FE2-A40F-0FC4-542F9F110089" vid_target="7A155D53-FB53-06C2-1E81-4E768CB1A8F3">
<hideElementsInCurrentOnly>false</hideElementsInCurrentOnly>
<backgroundColor>-65536</backgroundColor>
<lineWidth>1</lineWidth>
</Connector>
<Connector class="oracle.dbtools.crest.swingui.logical.TVRelation" oid="6C4EDD48-2E5A-B65C-24F3-AE1223B07124" otype="Relation" vid_source="AF1E7004-5029-1DA5-95EB-2624E1BFBB73" vid_target="BB66E734-98DA-BA0A-E033-3AB51F6DF3C0">
<hideElementsInCurrentOnly>false</hideElementsInCurrentOnly>
<backgroundColor>-16777216</backgroundColor>
<lineWidth>1</lineWidth>
<points>
<point x="440" y="84"/>
<point x="466" y="84"/>
</points>
</Connector>
<Connector class="oracle.dbtools.crest.swingui.logical.TVRelation" oid="74C8D4F9-C02B-D477-6DBA-57802A1E9FE5" otype="Relation" vid_source="E5D83158-6DDF-9EC5-75B2-2D2246DB1C05" vid_target="64AAF5CD-9FE2-A40F-0FC4-542F9F110089">
<hideElementsInCurrentOnly>false</hideElementsInCurrentOnly>
<backgroundColor>-16777216</backgroundColor>
<lineWidth>1</lineWidth>
<points>
<point x="112" y="130"/>
<point x="112" y="176"/>
</points>
</Connector>
<Connector class="oracle.dbtools.crest.swingui.logical.TVInheritanceRelation" oid="7E565B3B-B977-543E-12D5-190E6B059AB9" otype="Hierarchy relation" vid_source="64AAF5CD-9FE2-A40F-0FC4-542F9F110089" vid_target="48EDA7BF-AE45-8843-91CB-262FB4326066">
<hideElementsInCurrentOnly>false</hideElementsInCurrentOnly>
<backgroundColor>-65536</backgroundColor>
<lineWidth>1</lineWidth>
</Connector>
<Connector class="oracle.dbtools.crest.swingui.logical.TVRelation" oid="FF2DE59F-A232-2785-B7DE-477A8B7330B9" otype="Relation" vid_source="A5C3D502-8451-FAB6-9B2F-DE51824F2833" vid_target="BB66E734-98DA-BA0A-E033-3AB51F6DF3C0">
<hideElementsInCurrentOnly>false</hideElementsInCurrentOnly>
<backgroundColor>-16777216</backgroundColor>
<lineWidth>1</lineWidth>
<points>
<point x="727" y="96"/>
<point x="686" y="96"/>
</points>
</Connector>
<Connector class="oracle.dbtools.crest.swingui.logical.TVInheritanceRelation" oid="FF737E5C-7964-9C2C-0F72-07FB9C22C759" otype="Hierarchy relation" vid_source="A5C3D502-8451-FAB6-9B2F-DE51824F2833" vid_target="72DFCCA5-76DB-3C1E-3C40-322E0089A639">
<hideElementsInCurrentOnly>false</hideElementsInCurrentOnly>
<backgroundColor>-65536</backgroundColor>
<lineWidth>1</lineWidth>
</Connector>
</connectors>
</Diagram>