<?xml version = '1.0' encoding = 'UTF-8'?>
<relationalModel class="oracle.dbtools.crest.model.design.relational.RelationalDesign" name="Relational_1" id="B0BDCB9F-FCF1-D3D4-B771-FD4B200B5613" mainViewID="BE9B6D8F-B9EA-4151-8E31-C7A959FAC2D6">
<createdBy>scardenas</createdBy>
<createdTime>2025-09-01 13:01:34 UTC</createdTime>
<ownerDesignName>EXP1_S3_Sebastian_Cardenas</ownerDesignName>
<shouldBeOpen>false</shouldBeOpen>
<selectedRDBMSSite>32076570-2523-435C-2E92-BF29817DFF70</selectedRDBMSSite>
</relationalModel>