<?xml version = '1.0' encoding = 'UTF-8'?>
<Diagram class="oracle.dbtools.crest.swingui.logical.DPVLogical" name="Logical" id="81CC846D-5C9C-F890-0ED8-362210499983">
<createdBy>NVITSVBESSS</createdBy>
<modifiedBy>NVITSVBESSS</modifiedBy>
<createdTime>2025-09-15 21:53:22 UTC</createdTime>
<autoRoute>false</autoRoute>
<boxInbox>true</boxInbox>
<showLegend>false</showLegend>
<showLabels>false</showLabels>
<showRelAttributes>false</showRelAttributes>
<gridEnabled>false</gridEnabled>
<showGrid>false</showGrid>
<diagramColor>-1</diagramColor>
<display>false</display>
<notation>1</notation>
<objectViews>
<OView class="oracle.dbtools.crest.swingui.logical.TVEntity" oid="18F38E15-FFF1-E176-DD72-71A3D5AEB498" otype="Entity" vid="FF12B512-02FD-5428-26BD-295B99D33114">
<hideElementsInCurrentOnly>false</hideElementsInCurrentOnly>
<bounds x="593" y="134" width="170" height="111"/>
</OView>
<OView class="oracle.dbtools.crest.swingui.logical.TVEntity" oid="31994DFD-7B6E-D69B-1590-D7F7F6C34E57" otype="Entity" vid="8A407717-7E4F-1F70-CC2B-D7B0053168FE">
<hideElementsInCurrentOnly>false</hideElementsInCurrentOnly>
<bounds x="306" y="155" width="170" height="111"/>
</OView>
<OView class="oracle.dbtools.crest.swingui.logical.TVEntity" oid="6B1E6549-9312-D0F0-39EC-3D6DE7649B36" otype="Entity" vid="5AFB5F7C-8B94-8C76-B4F2-BEB870E710A9">
<hideElementsInCurrentOnly>false</hideElementsInCurrentOnly>
<bounds x="92" y="375" width="170" height="110"/>
</OView>
<OView class="oracle.dbtools.crest.swingui.logical.TVEntity" oid="75FA9048-72B3-2C8F-15EE-20E728F3984D" otype="Entity" vid="47F37100-792E-4B5D-E3D5-7AC256EA0303">
<hideElementsInCurrentOnly>false</hideElementsInCurrentOnly>
<bounds x="786" y="528" width="170" height="111"/>
</OView>
<OView class="oracle.dbtools.crest.swingui.logical.TVEntity" oid="79A897A4-B47A-5479-1493-925D1A4867D3" otype="Entity" vid="FED62D2C-33C2-AD63-10BE-6F8D3C09FAC8">
<hideElementsInCurrentOnly>false</hideElementsInCurrentOnly>
<bounds x="812" y="336" width="170" height="111"/>
</OView>
<OView class="oracle.dbtools.crest.swingui.logical.TVEntity" oid="988FD98E-714B-276E-3016-60C9985EA2F3" otype="Entity" vid="83DF10DD-5ACD-2CDF-4B90-941A9FCA4310">
<hideElementsInCurrentOnly>false</hideElementsInCurrentOnly>
<bounds x="561" y="292" width="170" height="218"/>
</OView>
<OView class="oracle.dbtools.crest.swingui.logical.TVEntity" oid="B78B6DF6-F562-0CAF-BE62-D59F959D0B31" otype="Entity" vid="DA64F4B1-7631-8089-EC71-FAF4D1DBF3A1">
<hideElementsInCurrentOnly>false</hideElementsInCurrentOnly>
<bounds x="323" y="351" width="195" height="150"/>
</OView>
<OView class="oracle.dbtools.crest.swingui.logical.TVEntity" oid="BD9C7E71-5840-EB55-5366-EA4825EAD2CB" otype="Entity" vid="9AC39507-82F7-1629-25C3-0961D29CA738">
<hideElementsInCurrentOnly>false</hideElementsInCurrentOnly>
<bounds x="847" y="146" width="170" height="111"/>
</OView>
<OView class="oracle.dbtools.crest.swingui.logical.TVEntity" oid="D4E54448-1AF0-42C7-D39A-51EE1D62D50F" otype="Entity" vid="26F6B899-7D94-049E-D2AB-56AC2BAE3359">
<hideElementsInCurrentOnly>false</hideElementsInCurrentOnly>
<bounds x="545" y="553" width="170" height="134"/>
</OView>
</objectViews>
<connectors>
<Connector class="oracle.dbtools.crest.swingui.logical.TVRelation" oid="130AF492-A002-ED6C-7B27-43ED4CD217B3" otype="Relation" vid_source="47F37100-792E-4B5D-E3D5-7AC256EA0303" vid_target="26F6B899-7D94-049E-D2AB-56AC2BAE3359">
<hideElementsInCurrentOnly>false</hideElementsInCurrentOnly>
<backgroundColor>-16777216</backgroundColor>
<lineWidth>1</lineWidth>
<points>
<point x="786" y="596"/>
<point x="715" y="596"/>
</points>
</Connector>
<Connector class="oracle.dbtools.crest.swingui.logical.TVRelation" oid="17D98F6B-6B86-7F33-C803-06CEF9CEF52F" otype="Relation" vid_source="FF12B512-02FD-5428-26BD-295B99D33114" vid_target="8A407717-7E4F-1F70-CC2B-D7B0053168FE">
<hideElementsInCurrentOnly>false</hideElementsInCurrentOnly>
<backgroundColor>-16777216</backgroundColor>
<lineWidth>1</lineWidth>
<points>
<point x="593" y="200"/>
<point x="476" y="200"/>
</points>
</Connector>
<Connector class="oracle.dbtools.crest.swingui.logical.TVRelation" oid="2EB340BE-33AE-2AE7-01B8-2178B0189813" otype="Relation" vid_source="FED62D2C-33C2-AD63-10BE-6F8D3C09FAC8" vid_target="83DF10DD-5ACD-2CDF-4B90-941A9FCA4310">
<hideElementsInCurrentOnly>false</hideElementsInCurrentOnly>
<backgroundColor>-16777216</backgroundColor>
<lineWidth>1</lineWidth>
<points>
<point x="812" y="391"/>
<point x="731" y="391"/>
</points>
</Connector>
<Connector class="oracle.dbtools.crest.swingui.logical.TVRelation" oid="385A1B9B-146D-0A19-54D9-8B70E7875AA9" otype="Relation" vid_source="8A407717-7E4F-1F70-CC2B-D7B0053168FE" vid_target="83DF10DD-5ACD-2CDF-4B90-941A9FCA4310">
<hideElementsInCurrentOnly>false</hideElementsInCurrentOnly>
<backgroundColor>-16777216</backgroundColor>
<lineWidth>1</lineWidth>
<points>
<point x="465" y="266"/>
<point x="561" y="337"/>
</points>
</Connector>
<Connector class="oracle.dbtools.crest.swingui.logical.TVRelation" oid="39E06BC5-4AA3-4FD1-BA1D-8E9F2CF648B8" otype="Relation" vid_source="26F6B899-7D94-049E-D2AB-56AC2BAE3359" vid_target="83DF10DD-5ACD-2CDF-4B90-941A9FCA4310">
<hideElementsInCurrentOnly>false</hideElementsInCurrentOnly>
<backgroundColor>-16777216</backgroundColor>
<lineWidth>1</lineWidth>
<points>
<point x="638" y="553"/>
<point x="638" y="510"/>
</points>
</Connector>
<Connector class="oracle.dbtools.crest.swingui.logical.TVRelation" oid="50E15774-9AD3-E0B1-1D2E-9129B11CDDCC" otype="Relation" vid_source="5AFB5F7C-8B94-8C76-B4F2-BEB870E710A9" vid_target="DA64F4B1-7631-8089-EC71-FAF4D1DBF3A1">
<hideElementsInCurrentOnly>false</hideElementsInCurrentOnly>
<backgroundColor>-16777216</backgroundColor>
<lineWidth>1</lineWidth>
<points>
<point x="262" y="430"/>
<point x="323" y="430"/>
</points>
</Connector>
<Connector class="oracle.dbtools.crest.swingui.logical.TVRelation" oid="D92731D7-55C8-19A6-3503-EB42F2D347C1" otype="Relation" vid_source="9AC39507-82F7-1629-25C3-0961D29CA738" vid_target="FF12B512-02FD-5428-26BD-295B99D33114">
<hideElementsInCurrentOnly>false</hideElementsInCurrentOnly>
<backgroundColor>-16777216</backgroundColor>
<lineWidth>1</lineWidth>
<points>
<point x="847" y="195"/>
<point x="763" y="195"/>
</points>
</Connector>
<Connector class="oracle.dbtools.crest.swingui.logical.TVRelation" oid="E66B1548-DF1C-9DF6-3CD5-01504CA53693" otype="Relation" vid_source="DA64F4B1-7631-8089-EC71-FAF4D1DBF3A1" vid_target="83DF10DD-5ACD-2CDF-4B90-941A9FCA4310">
<hideElementsInCurrentOnly>false</hideElementsInCurrentOnly>
<backgroundColor>-16777216</backgroundColor>
<lineWidth>1</lineWidth>
<points>
<point x="518" y="426"/>
<point x="561" y="426"/>
</points>
</Connector>
</connectors>
</Diagram>