<?xml version = '1.0' encoding = 'UTF-8'?>
<Diagram class="oracle.dbtools.crest.swingui.relational.DPVRelational" name="Relational_1" id="EDAA34A7-F826-E230-8B66-F8829EEB5C55">
<createdBy>NVITSVBESSS</createdBy>
<modifiedBy>NVITSVBESSS</modifiedBy>
<createdTime>2025-09-16 00:12:28 UTC</createdTime>
<autoRoute>false</autoRoute>
<boxInbox>true</boxInbox>
<showLegend>false</showLegend>
<showLabels>false</showLabels>
<showRelAttributes>false</showRelAttributes>
<gridEnabled>false</gridEnabled>
<showGrid>false</showGrid>
<diagramColor>-1</diagramColor>
<display>false</display>
<notation>1</notation>
<objectViews>
<OView class="oracle.dbtools.crest.swingui.relational.TVTable" oid="1BD43928-899F-8B7D-79FD-AD0175796395" otype="Table" vid="0F476160-A1ED-C5E0-3614-F77CAB2DE3FC">
<hideElementsInCurrentOnly>false</hideElementsInCurrentOnly>
<bounds x="631" y="666" width="402" height="116"/>
</OView>
<OView class="oracle.dbtools.crest.swingui.relational.TVTable" oid="1E9AEE46-DAAC-2BBA-92CB-476985A3F070" otype="Table" vid="B995B9AB-0664-1E80-D687-F52CD69492DB">
<hideElementsInCurrentOnly>false</hideElementsInCurrentOnly>
<bounds x="177" y="511" width="249" height="104"/>
</OView>
<OView class="oracle.dbtools.crest.swingui.relational.TVTable" oid="385C376C-8486-FE4A-027A-DD07F2F0BE5D" otype="Table" vid="196C67BA-AE6D-21AF-CCC3-5858600EDB8C">
<hideElementsInCurrentOnly>false</hideElementsInCurrentOnly>
<bounds x="139" y="223" width="422" height="233"/>
</OView>
<OView class="oracle.dbtools.crest.swingui.relational.TVTable" oid="397EA275-D290-FABE-3F1F-A421E31DC080" otype="Table" vid="F23F53B0-265B-FC6B-D148-2C4A46DC8696">
<hideElementsInCurrentOnly>false</hideElementsInCurrentOnly>
<bounds x="609" y="249" width="351" height="345"/>
</OView>
<OView class="oracle.dbtools.crest.swingui.relational.TVTable" oid="63579CDC-C90C-9DE0-166A-226272351C81" otype="Table" vid="7B902D7B-7FFC-EED3-D50B-35B915DC0854">
<hideElementsInCurrentOnly>false</hideElementsInCurrentOnly>
<bounds x="1067" y="65" width="231" height="103"/>
</OView>
<OView class="oracle.dbtools.crest.swingui.relational.TVTable" oid="B9990FDF-DD83-4633-14B9-17A3F6D495A9" otype="Table" vid="379FA4B0-7FA9-CF15-02B7-A2B153CD1117">
<hideElementsInCurrentOnly>false</hideElementsInCurrentOnly>
<bounds x="210" y="653" width="296" height="182"/>
</OView>
<OView class="oracle.dbtools.crest.swingui.relational.TVTable" oid="C65B28B5-F9ED-31A5-EA4A-A6F11E393470" otype="Table" vid="3F50FD00-5B75-E00E-069D-5ABCC284AC2E">
<hideElementsInCurrentOnly>false</hideElementsInCurrentOnly>
<bounds x="1078" y="652" width="268" height="113"/>
</OView>
<OView class="oracle.dbtools.crest.swingui.relational.TVTable" oid="CBAD0C87-152E-D66E-6A65-FC67DFC7A48B" otype="Table" vid="65AAD71F-2DD4-9688-D868-BA545ED26F32">
<hideElementsInCurrentOnly>false</hideElementsInCurrentOnly>
<bounds x="291" y="31" width="279" height="167"/>
</OView>
<OView class="oracle.dbtools.crest.swingui.relational.TVTable" oid="D12184B3-8DFE-5373-C516-917E0212D388" otype="Table" vid="DB2C42DB-B1A9-5429-A5C2-4E398F60A3A3">
<hideElementsInCurrentOnly>false</hideElementsInCurrentOnly>
<bounds x="1120" y="396" width="273" height="94"/>
</OView>
<OView class="oracle.dbtools.crest.swingui.relational.TVTable" oid="EC2F35B9-FF5D-BE47-3A6C-2EE2C856B812" otype="Table" vid="FEDC84F4-51BD-581A-3571-046816CD0D74">
<hideElementsInCurrentOnly>false</hideElementsInCurrentOnly>
<bounds x="689" y="56" width="286" height="123"/>
</OView>
</objectViews>
<connectors>
<Connector class="oracle.dbtools.crest.swingui.relational.TVFKRelation" oid="0DC237E9-4912-BEC2-26FD-B4727B0991DC" otype="FKIndexAssociation" vid_source="65AAD71F-2DD4-9688-D868-BA545ED26F32" vid_target="F23F53B0-265B-FC6B-D148-2C4A46DC8696">
<hideElementsInCurrentOnly>false</hideElementsInCurrentOnly>
<backgroundColor>-16777216</backgroundColor>
<lineWidth>1</lineWidth>
<points>
<point x="526" y="198"/>
<point x="609" y="269"/>
</points>
</Connector>
<Connector class="oracle.dbtools.crest.swingui.relational.TVFKRelation" oid="195CA40B-E94E-84EC-B702-9134F46EF32B" otype="FKIndexAssociation" vid_source="F23F53B0-265B-FC6B-D148-2C4A46DC8696" vid_target="196C67BA-AE6D-21AF-CCC3-5858600EDB8C">
<hideElementsInCurrentOnly>false</hideElementsInCurrentOnly>
<backgroundColor>-16777216</backgroundColor>
<lineWidth>1</lineWidth>
<points>
<point x="609" y="352"/>
<point x="561" y="352"/>
</points>
</Connector>
<Connector class="oracle.dbtools.crest.swingui.relational.TVFKRelation" oid="1A4EFCAA-F804-CB41-7EE7-5673C7818C40" otype="FKIndexAssociation" vid_source="B995B9AB-0664-1E80-D687-F52CD69492DB" vid_target="196C67BA-AE6D-21AF-CCC3-5858600EDB8C">
<hideElementsInCurrentOnly>false</hideElementsInCurrentOnly>
<backgroundColor>-16777216</backgroundColor>
<lineWidth>1</lineWidth>
<points>
<point x="301" y="511"/>
<point x="301" y="456"/>
</points>
</Connector>
<Connector class="oracle.dbtools.crest.swingui.relational.TVFKRelation" oid="496331AF-3BDD-EADE-CA7B-55EAF464CB86" otype="FKIndexAssociation" vid_source="379FA4B0-7FA9-CF15-02B7-A2B153CD1117" vid_target="0F476160-A1ED-C5E0-3614-F77CAB2DE3FC">
<hideElementsInCurrentOnly>false</hideElementsInCurrentOnly>
<backgroundColor>-16777216</backgroundColor>
<lineWidth>1</lineWidth>
<points>
<point x="506" y="724"/>
<point x="631" y="724"/>
</points>
</Connector>
<Connector class="oracle.dbtools.crest.swingui.relational.TVFKRelation" oid="614FBE81-D0B2-579B-C5AA-F86F4D1CFD10" otype="FKIndexAssociation" vid_source="7B902D7B-7FFC-EED3-D50B-35B915DC0854" vid_target="FEDC84F4-51BD-581A-3571-046816CD0D74">
<hideElementsInCurrentOnly>false</hideElementsInCurrentOnly>
<backgroundColor>-16777216</backgroundColor>
<lineWidth>1</lineWidth>
<points>
<point x="1067" y="116"/>
<point x="763" y="179"/>
</points>
</Connector>
<Connector class="oracle.dbtools.crest.swingui.relational.TVFKRelation" oid="A10B7116-C850-3D0B-3A67-0C4BB15830AE" otype="FKIndexAssociation" vid_source="379FA4B0-7FA9-CF15-02B7-A2B153CD1117" vid_target="F23F53B0-265B-FC6B-D148-2C4A46DC8696">
<hideElementsInCurrentOnly>false</hideElementsInCurrentOnly>
<backgroundColor>-16777216</backgroundColor>
<lineWidth>1</lineWidth>
<points>
<point x="478" y="653"/>
<point x="609" y="554"/>
</points>
</Connector>
<Connector class="oracle.dbtools.crest.swingui.relational.TVFKRelation" oid="A96C6E4C-FEC3-91BF-990B-8F9FB7C3D383" otype="FKIndexAssociation" vid_source="FEDC84F4-51BD-581A-3571-046816CD0D74" vid_target="65AAD71F-2DD4-9688-D868-BA545ED26F32">
<hideElementsInCurrentOnly>false</hideElementsInCurrentOnly>
<backgroundColor>-16777216</backgroundColor>
<lineWidth>1</lineWidth>
<points>
<point x="689" y="134"/>
<point x="570" y="117"/>
</points>
</Connector>
<Connector class="oracle.dbtools.crest.swingui.relational.TVFKRelation" oid="CD8FB5F2-9C53-8366-F381-52B7C266626E" otype="FKIndexAssociation" vid_source="DB2C42DB-B1A9-5429-A5C2-4E398F60A3A3" vid_target="F23F53B0-265B-FC6B-D148-2C4A46DC8696">
<hideElementsInCurrentOnly>false</hideElementsInCurrentOnly>
<backgroundColor>-16777216</backgroundColor>
<lineWidth>1</lineWidth>
<points>
<point x="1120" y="443"/>
<point x="960" y="443"/>
</points>
</Connector>
<Connector class="oracle.dbtools.crest.swingui.relational.TVFKRelation" oid="F61A95D0-1738-CE42-6FE6-EC5FE90EEE57" otype="FKIndexAssociation" vid_source="3F50FD00-5B75-E00E-069D-5ABCC284AC2E" vid_target="0F476160-A1ED-C5E0-3614-F77CAB2DE3FC">
<hideElementsInCurrentOnly>false</hideElementsInCurrentOnly>
<backgroundColor>-16777216</backgroundColor>
<lineWidth>1</lineWidth>
<points>
<point x="1078" y="730"/>
<point x="1033" y="730"/>
</points>
</Connector>
</connectors>
</Diagram>