<?xml version = '1.0' encoding = 'UTF-8'?>
<Relation class="oracle.dbtools.crest.model.design.logical.Relation" name="residente_anexo" directorySegmentName="seg_0" id="3AD7143A-63D1-4DB8-AB84-B6C4FFDC69A9">
<createdBy>scardenas</createdBy>
<createdTime>2025-09-01 15:19:41 UTC</createdTime>
<ownerDesignName>EXP1_S3_Sebastian_Cardenas</ownerDesignName>
<engineerTo>
<item key="B0BDCB9F-FCF1-D3D4-B771-FD4B200B5613" value="true"/>
</engineerTo>
<sourcePk>D6FF84FE-3017-A644-7CD5-E7FF3ED4C604</sourcePk>
<identifying>false</identifying>
<optionalSource>true</optionalSource>
<optionalTarget>false</optionalTarget>
<sourceCardinality>1</sourceCardinality>
<sourceEntity>7CE4D660-AEF3-5912-0221-4C9F851B6AF7</sourceEntity>
<targetCardinalityString>*</targetCardinalityString>
<targetEntity>703D5512-E530-1AF5-D168-285892660C4A</targetEntity>
<transferable>true</transferable>
<deleteRule>NO ACTION</deleteRule>
</Relation>