<?xml version = '1.0' encoding = 'UTF-8'?>
<Relation class="oracle.dbtools.crest.model.design.logical.Relation" name="contrato_anexo" directorySegmentName="seg_0" id="459EFE01-1982-06C7-95CA-E32F925FFA8C">
<createdBy>scardenas</createdBy>
<createdTime>2025-09-01 15:19:23 UTC</createdTime>
<ownerDesignName>EXP1_S3_Sebastian_Cardenas</ownerDesignName>
<engineerTo>
<item key="B0BDCB9F-FCF1-D3D4-B771-FD4B200B5613" value="true"/>
</engineerTo>
<sourcePk>F3FFFACD-F919-8604-8FCD-45CA0AE2930E</sourcePk>
<identifying>false</identifying>
<optionalSource>true</optionalSource>
<optionalTarget>false</optionalTarget>
<sourceCardinality>1</sourceCardinality>
<sourceEntity>CE2E5993-ABBF-1E78-7AE8-A01ECC445E00</sourceEntity>
<targetCardinalityString>*</targetCardinalityString>
<targetEntity>703D5512-E530-1AF5-D168-285892660C4A</targetEntity>
<transferable>true</transferable>
<deleteRule>NO ACTION</deleteRule>
</Relation>