<?xml version = '1.0' encoding = 'UTF-8'?>
<Relation class="oracle.dbtools.crest.model.design.logical.Relation" name="apoderado_contrato" directorySegmentName="seg_0" id="50D75DB1-A611-4C1B-8812-2FB2447B419D">
<createdBy>scardenas</createdBy>
<createdTime>2025-09-01 15:19:06 UTC</createdTime>
<ownerDesignName>EXP1_S3_Sebastian_Cardenas</ownerDesignName>
<engineerTo>
<item key="B0BDCB9F-FCF1-D3D4-B771-FD4B200B5613" value="true"/>
</engineerTo>
<sourcePk>4BF5C010-E420-873C-8C5C-9CED0625A8E8</sourcePk>
<identifying>false</identifying>
<optionalSource>true</optionalSource>
<optionalTarget>false</optionalTarget>
<sourceCardinality>1</sourceCardinality>
<sourceEntity>95D43905-211C-AB32-2B4A-621F6D83C78B</sourceEntity>
<targetCardinalityString>*</targetCardinalityString>
<targetEntity>CE2E5993-ABBF-1E78-7AE8-A01ECC445E00</targetEntity>
<transferable>true</transferable>
<deleteRule>NO ACTION</deleteRule>
</Relation>