<?xml version = '1.0' encoding = 'UTF-8'?>
<Relation class="oracle.dbtools.crest.model.design.logical.Relation" name="residencia_habitacion" directorySegmentName="seg_0" id="52DE9F7A-1D8A-DB1D-B394-FFA1D7402364">
<createdBy>scardenas</createdBy>
<createdTime>2025-09-01 14:59:05 UTC</createdTime>
<ownerDesignName>EXP1_S3_Sebastian_Cardenas</ownerDesignName>
<engineerTo>
<item key="B0BDCB9F-FCF1-D3D4-B771-FD4B200B5613" value="true"/>
</engineerTo>
<sourcePk>E19552D6-335F-F8D5-1711-02835CF2F789</sourcePk>
<identifying>false</identifying>
<optionalSource>false</optionalSource>
<optionalTarget>false</optionalTarget>
<sourceCardinality>1</sourceCardinality>
<sourceEntity>D4CE9B32-8C17-16E5-F84A-CFE08450C28E</sourceEntity>
<targetCardinalityString>*</targetCardinalityString>
<targetEntity>8F1A4F71-583E-D2A2-7C0F-B2C5AB1B6A0F</targetEntity>
<transferable>true</transferable>
<deleteRule>NO ACTION</deleteRule>
</Relation>