<?xml version = '1.0' encoding = 'UTF-8'?>
<Relation class="oracle.dbtools.crest.model.design.logical.Relation" name="habitacion_asignacionhabitacion" directorySegmentName="seg_0" id="6C4EDD48-2E5A-B65C-24F3-AE1223B07124">
<createdBy>scardenas</createdBy>
<createdTime>2025-09-01 15:21:25 UTC</createdTime>
<ownerDesignName>EXP1_S3_Sebastian_Cardenas</ownerDesignName>
<engineerTo>
<item key="B0BDCB9F-FCF1-D3D4-B771-FD4B200B5613" value="true"/>
</engineerTo>
<sourcePk>79F27688-B3F6-0F53-F9FB-E9D8E113AF09</sourcePk>
<identifying>false</identifying>
<optionalSource>false</optionalSource>
<optionalTarget>false</optionalTarget>
<sourceCardinality>1</sourceCardinality>
<sourceEntity>8F1A4F71-583E-D2A2-7C0F-B2C5AB1B6A0F</sourceEntity>
<targetCardinalityString>*</targetCardinalityString>
<targetEntity>6ACD07B8-C797-EDF3-DF09-F746B795FE72</targetEntity>
<transferable>true</transferable>
<deleteRule>NO ACTION</deleteRule>
</Relation>