<?xml version = '1.0' encoding = 'UTF-8'?>
<Relation class="oracle.dbtools.crest.model.design.logical.Relation" name="residencia_personal" directorySegmentName="seg_0" id="74C8D4F9-C02B-D477-6DBA-57802A1E9FE5">
<createdBy>scardenas</createdBy>
<createdTime>2025-09-01 19:36:32 UTC</createdTime>
<ownerDesignName>EXP1_S3_Sebastian_Cardenas</ownerDesignName>
<engineerTo>
<item key="B0BDCB9F-FCF1-D3D4-B771-FD4B200B5613" value="true"/>
</engineerTo>
<sourcePk>E19552D6-335F-F8D5-1711-02835CF2F789</sourcePk>
<identifying>false</identifying>
<optionalSource>true</optionalSource>
<optionalTarget>false</optionalTarget>
<sourceCardinality>1</sourceCardinality>
<sourceEntity>D4CE9B32-8C17-16E5-F84A-CFE08450C28E</sourceEntity>
<targetCardinalityString>*</targetCardinalityString>
<targetEntity>73B6A761-B855-6966-B44A-85A31BDCE376</targetEntity>
<transferable>true</transferable>
<deleteRule>NO ACTION</deleteRule>
</Relation>