<?xml version = '1.0' encoding = 'UTF-8'?>
<Relation class="oracle.dbtools.crest.model.design.logical.Relation" name="residente_asignacionhabitacion" directorySegmentName="seg_0" id="FF2DE59F-A232-2785-B7DE-477A8B7330B9">
<createdBy>scardenas</createdBy>
<createdTime>2025-09-01 15:20:55 UTC</createdTime>
<ownerDesignName>EXP1_S3_Sebastian_Cardenas</ownerDesignName>
<engineerTo>
<item key="B0BDCB9F-FCF1-D3D4-B771-FD4B200B5613" value="true"/>
</engineerTo>
<sourcePk>D6FF84FE-3017-A644-7CD5-E7FF3ED4C604</sourcePk>
<identifying>false</identifying>
<optionalSource>true</optionalSource>
<optionalTarget>false</optionalTarget>
<sourceCardinality>1</sourceCardinality>
<sourceEntity>7CE4D660-AEF3-5912-0221-4C9F851B6AF7</sourceEntity>
<targetCardinalityString>*</targetCardinalityString>
<targetEntity>6ACD07B8-C797-EDF3-DF09-F746B795FE72</targetEntity>
<transferable>true</transferable>
<deleteRule>NO ACTION</deleteRule>
</Relation>