<?xml version = '1.0' encoding = 'UTF-8'?>
<relationalModel class="oracle.dbtools.crest.model.design.relational.RelationalDesign" name="Relational_1" id="4A2A5302-EB44-C1E7-8EC5-9BE6CF2C3CB8" mainViewID="EDAA34A7-F826-E230-8B66-F8829EEB5C55">
<createdBy>NVITSVBESSS</createdBy>
<createdTime>2025-09-15 21:51:14 UTC</createdTime>
<ownerDesignName>Exp2_S5_Sebastian_Cardenas</ownerDesignName>
<shouldBeOpen>true</shouldBeOpen>
<selectedRDBMSSite>32076570-2523-435C-2E92-BF29817DFF70</selectedRDBMSSite>
</relationalModel>